,date,Coin,Value
0,2018-10-31,ADA,0.07199
1,2018-11-01,ADA,0.07198
2,2018-11-02,ADA,0.0738
3,2018-11-03,ADA,0.07331
4,2018-11-04,ADA,0.07857
5,2018-11-05,ADA,0.07946
6,2018-11-06,ADA,0.08198
7,2018-11-07,ADA,0.0826
8,2018-11-08,ADA,0.08
9,2018-11-09,ADA,0.0782
10,2018-11-10,ADA,0.07657
11,2018-11-11,ADA,0.07798
12,2018-11-12,ADA,0.078
13,2018-11-13,ADA,0.07715
14,2018-11-14,ADA,0.0747
15,2018-11-15,ADA,0.0669
16,2018-11-16,ADA,0.06499
17,2018-11-17,ADA,0.06157
18,2018-11-18,ADA,0.06354
19,2018-11-19,ADA,0.06246
20,2018-11-20,ADA,0.05334
21,2018-11-21,ADA,0.04971
22,2018-11-22,ADA,0.04914
23,2018-11-23,ADA,0.0451
24,2018-11-24,ADA,0.0454
25,2018-11-25,ADA,0.03965
26,2018-11-26,ADA,0.04017
27,2018-11-27,ADA,0.03778
28,2018-11-28,ADA,0.0442
29,2018-11-29,ADA,0.04487
30,2018-11-30,ADA,0.0425
31,2018-12-01,ADA,0.0424
32,2018-12-02,ADA,0.0434
33,2018-12-03,ADA,0.04214
34,2018-12-04,ADA,0.04019
35,2018-12-05,ADA,0.03768
36,2018-12-06,ADA,0.0359
37,2018-12-07,ADA,0.031
38,2018-12-08,ADA,0.03246
39,2018-12-09,ADA,0.03242
40,2018-12-10,ADA,0.03199
41,2018-12-11,ADA,0.03013
42,2018-12-12,ADA,0.03088
43,2018-12-13,ADA,0.03067
44,2018-12-14,ADA,0.0296
45,2018-12-15,ADA,0.0286
46,2018-12-16,ADA,0.02986
47,2018-12-17,ADA,0.03371
48,2018-12-18,ADA,0.03463
49,2018-12-19,ADA,0.03808
50,2018-12-20,ADA,0.03987
51,2018-12-21,ADA,0.04479
52,2018-12-22,ADA,0.04175
53,2018-12-23,ADA,0.04444
54,2018-12-24,ADA,0.04899
55,2018-12-25,ADA,0.04522
56,2018-12-26,ADA,0.04268
57,2018-12-27,ADA,0.04139
58,2018-12-28,ADA,0.04195
59,2018-12-29,ADA,0.04355
60,2018-12-30,ADA,0.04319
61,2018-12-31,ADA,0.04275
62,2019-01-01,ADA,0.042
63,2019-01-02,ADA,0.04543
64,2019-01-03,ADA,0.04462
65,2019-01-04,ADA,0.04361
66,2019-01-05,ADA,0.04514
67,2019-01-06,ADA,0.0488
68,2019-01-07,ADA,0.05
69,2019-01-08,ADA,0.0497
70,2019-01-09,ADA,0.05231
71,2019-01-10,ADA,0.05412
72,2019-01-11,ADA,0.04435
73,2019-01-12,ADA,0.04393
74,2019-01-13,ADA,0.04312
75,2019-01-14,ADA,0.04399
76,2019-01-15,ADA,0.04387
77,2019-01-16,ADA,0.04466
78,2019-01-17,ADA,0.04575
79,2019-01-18,ADA,0.04478
80,2019-01-19,ADA,0.04597
81,2019-01-20,ADA,0.04556
82,2019-01-21,ADA,0.04339
83,2019-01-22,ADA,0.04401
84,2019-01-23,ADA,0.04392
85,2019-01-24,ADA,0.04342
86,2019-01-25,ADA,0.04301
87,2019-01-26,ADA,0.04338
88,2019-01-27,ADA,0.04247
89,2019-01-28,ADA,0.04121
90,2019-01-29,ADA,0.03971
91,2019-01-30,ADA,0.04015
92,2019-01-31,ADA,0.04023
93,2019-02-01,ADA,0.03912
94,2019-02-02,ADA,0.0395
95,2019-02-03,ADA,0.03946
96,2019-02-04,ADA,0.03883
97,2019-02-05,ADA,0.03868
98,2019-02-06,ADA,0.03829
99,2019-02-07,ADA,0.03734
100,2019-02-08,ADA,0.0425
101,2019-02-09,ADA,0.04223
102,2019-02-10,ADA,0.04309
103,2019-02-11,ADA,0.04299
104,2019-02-12,ADA,0.04208
105,2019-02-13,ADA,0.04244
106,2019-02-14,ADA,0.04144
107,2019-02-15,ADA,0.0416
108,2019-02-16,ADA,0.04148
109,2019-02-17,ADA,0.04228
110,2019-02-18,ADA,0.04686
111,2019-02-19,ADA,0.0485
112,2019-02-20,ADA,0.0477
113,2019-02-21,ADA,0.04809
114,2019-02-22,ADA,0.0461
115,2019-02-23,ADA,0.04903
116,2019-02-24,ADA,0.05053
117,2019-02-25,ADA,0.04433
118,2019-02-26,ADA,0.04358
119,2019-02-27,ADA,0.04343
120,2019-02-28,ADA,0.04368
121,2019-03-01,ADA,0.04386
122,2019-03-02,ADA,0.04338
123,2019-03-03,ADA,0.04276
124,2019-03-04,ADA,0.04236
125,2019-03-05,ADA,0.0434
126,2019-03-06,ADA,0.04327
127,2019-03-07,ADA,0.04338
128,2019-03-08,ADA,0.04386
129,2019-03-09,ADA,0.0472
130,2019-03-10,ADA,0.04689
131,2019-03-11,ADA,0.04842
132,2019-03-12,ADA,0.04816
133,2019-03-13,ADA,0.04851
134,2019-03-14,ADA,0.04812
135,2019-03-15,ADA,0.05065
136,2019-03-16,ADA,0.05195
137,2019-03-17,ADA,0.05134
138,2019-03-18,ADA,0.0509
139,2019-03-19,ADA,0.05313
140,2019-03-20,ADA,0.05372
141,2019-03-21,ADA,0.0547
142,2019-03-22,ADA,0.05888
143,2019-03-23,ADA,0.06464
144,2019-03-24,ADA,0.06455
145,2019-03-25,ADA,0.06155
146,2019-03-26,ADA,0.06188
147,2019-03-27,ADA,0.06783
148,2019-03-28,ADA,0.06692
149,2019-03-29,ADA,0.07338
150,2019-03-30,ADA,0.07302
151,2019-03-31,ADA,0.07249
152,2019-04-01,ADA,0.0727
153,2019-04-02,ADA,0.08549
154,2019-04-03,ADA,0.09976
155,2019-04-04,ADA,0.094
156,2019-04-05,ADA,0.09209
157,2019-04-06,ADA,0.09375
158,2019-04-07,ADA,0.09112
159,2019-04-08,ADA,0.09175
160,2019-04-09,ADA,0.0862
161,2019-04-10,ADA,0.0916
162,2019-04-11,ADA,0.09023
163,2019-04-12,ADA,0.0849
164,2019-04-13,ADA,0.08477
165,2019-04-14,ADA,0.08488
166,2019-04-15,ADA,0.08531
167,2019-04-16,ADA,0.08314
168,2019-04-17,ADA,0.08394
169,2019-04-18,ADA,0.08349
170,2019-04-19,ADA,0.0812
171,2019-04-20,ADA,0.07903
172,2019-04-21,ADA,0.07746
173,2019-04-22,ADA,0.07885
174,2019-04-23,ADA,0.07979
175,2019-04-24,ADA,0.0752
176,2019-04-25,ADA,0.076
177,2019-04-26,ADA,0.0725
178,2019-04-27,ADA,0.07237
179,2019-04-28,ADA,0.07123
180,2019-04-29,ADA,0.0693
181,2019-04-30,ADA,0.07019
182,2019-05-01,ADA,0.0706
183,2019-05-02,ADA,0.06977
184,2019-05-03,ADA,0.0718
185,2019-05-04,ADA,0.07225
186,2019-05-05,ADA,0.06816
187,2019-05-06,ADA,0.0688
188,2019-05-07,ADA,0.06882
189,2019-05-08,ADA,0.06545
190,2019-05-09,ADA,0.06537
191,2019-05-10,ADA,0.06529
192,2019-05-11,ADA,0.07854
193,2019-05-12,ADA,0.07707
194,2019-05-13,ADA,0.07646
195,2019-05-14,ADA,0.08479
196,2019-05-15,ADA,0.09535
197,2019-05-16,ADA,0.1008
198,2019-05-17,ADA,0.0908
199,2019-05-18,ADA,0.08507
200,2019-05-19,ADA,0.088
201,2019-05-20,ADA,0.0869
202,2019-05-21,ADA,0.086
203,2019-05-22,ADA,0.08541
204,2019-05-23,ADA,0.08435
205,2019-05-24,ADA,0.08315
206,2019-05-25,ADA,0.0822
207,2019-05-26,ADA,0.08682
208,2019-05-27,ADA,0.09384
209,2019-05-28,ADA,0.09351
210,2019-05-29,ADA,0.09362
211,2019-05-30,ADA,0.0968
212,2019-05-31,ADA,0.08983
213,2019-06-01,ADA,0.0927
214,2019-06-02,ADA,0.09755
215,2019-06-03,ADA,0.09833
216,2019-06-04,ADA,0.08832
217,2019-06-05,ADA,0.08431
218,2019-06-06,ADA,0.08385
219,2019-06-07,ADA,0.08702
220,2019-06-08,ADA,0.08622
221,2019-06-09,ADA,0.08385
222,2019-06-10,ADA,0.08529
223,2019-06-11,ADA,0.08913
224,2019-06-12,ADA,0.09628
225,2019-06-13,ADA,0.0966
226,2019-06-14,ADA,0.09095
227,2019-06-15,ADA,0.0926
228,2019-06-16,ADA,0.09402
229,2019-06-17,ADA,0.09365
230,2019-06-18,ADA,0.09365
231,2019-06-19,ADA,0.09158
232,2019-06-20,ADA,0.0903
233,2019-06-21,ADA,0.0908
234,2019-06-22,ADA,0.0977
235,2019-06-23,ADA,0.10379
236,2019-06-24,ADA,0.09959
237,2019-06-25,ADA,0.09831
238,2019-06-26,ADA,0.10687
239,2019-06-27,ADA,0.09954
240,2019-06-28,ADA,0.089
241,2019-06-29,ADA,0.09095
242,2019-06-30,ADA,0.09077
243,2019-07-01,ADA,0.08599
244,2019-07-02,ADA,0.08432
245,2019-07-03,ADA,0.08315
246,2019-07-04,ADA,0.08249
247,2019-07-05,ADA,0.07814
248,2019-07-06,ADA,0.08076
249,2019-07-07,ADA,0.08004
250,2019-07-08,ADA,0.08193
251,2019-07-09,ADA,0.08073
252,2019-07-10,ADA,0.07835
253,2019-07-11,ADA,0.0717
254,2019-07-12,ADA,0.07057
255,2019-07-13,ADA,0.07149
256,2019-07-14,ADA,0.0671
257,2019-07-15,ADA,0.06015
258,2019-07-16,ADA,0.06095
259,2019-07-17,ADA,0.05777
260,2019-07-18,ADA,0.05965
261,2019-07-19,ADA,0.06068
262,2019-07-20,ADA,0.06509
263,2019-07-21,ADA,0.064
264,2019-07-22,ADA,0.06216
265,2019-07-23,ADA,0.0596
266,2019-07-24,ADA,0.05904
267,2019-07-25,ADA,0.06069
268,2019-07-26,ADA,0.06297
269,2019-07-27,ADA,0.06354
270,2019-07-28,ADA,0.06018
271,2019-07-29,ADA,0.06258
272,2019-07-30,ADA,0.06141
273,2019-07-31,ADA,0.06108
274,2019-08-01,ADA,0.06035
275,2019-08-02,ADA,0.05882
276,2019-08-03,ADA,0.0583
277,2019-08-04,ADA,0.0583
278,2019-08-05,ADA,0.0582
279,2019-08-06,ADA,0.05657
280,2019-08-07,ADA,0.0543
281,2019-08-08,ADA,0.05326
282,2019-08-09,ADA,0.05231
283,2019-08-10,ADA,0.05347
284,2019-08-11,ADA,0.056
285,2019-08-12,ADA,0.05491
286,2019-08-13,ADA,0.05328
287,2019-08-14,ADA,0.05382
288,2019-08-15,ADA,0.04821
289,2019-08-16,ADA,0.04759
290,2019-08-17,ADA,0.04808
291,2019-08-18,ADA,0.05127
292,2019-08-19,ADA,0.05084
293,2019-08-20,ADA,0.0503
294,2019-08-21,ADA,0.04919
295,2019-08-22,ADA,0.0512
296,2019-08-23,ADA,0.0503
297,2019-08-24,ADA,0.0515
298,2019-08-25,ADA,0.05265
299,2019-08-26,ADA,0.05082
300,2019-08-27,ADA,0.04999
301,2019-08-28,ADA,0.05041
302,2019-08-29,ADA,0.04587
303,2019-08-30,ADA,0.04578
304,2019-08-31,ADA,0.04546
305,2019-09-01,ADA,0.04519
306,2019-09-02,ADA,0.04626
307,2019-09-03,ADA,0.04744
308,2019-09-04,ADA,0.04668
309,2019-09-05,ADA,0.04543
310,2019-09-06,ADA,0.0447
311,2019-09-07,ADA,0.04659
312,2019-09-08,ADA,0.0475
313,2019-09-09,ADA,0.04727
314,2019-09-10,ADA,0.04814
315,2019-09-11,ADA,0.04713
316,2019-09-12,ADA,0.04629
317,2019-09-13,ADA,0.04594
318,2019-09-14,ADA,0.0471
319,2019-09-15,ADA,0.04711
320,2019-09-16,ADA,0.04749
321,2019-09-17,ADA,0.05072
322,2019-09-18,ADA,0.05557
323,2019-09-19,ADA,0.05456
324,2019-09-20,ADA,0.05258
325,2019-09-21,ADA,0.05336
326,2019-09-22,ADA,0.0519
327,2019-09-23,ADA,0.04945
328,2019-09-24,ADA,0.04659
329,2019-09-25,ADA,0.04031
330,2019-09-26,ADA,0.04014
331,2019-09-27,ADA,0.0398
332,2019-09-28,ADA,0.03957
333,2019-09-29,ADA,0.0388
334,2019-09-30,ADA,0.03946
335,2019-10-01,ADA,0.03995
336,2019-10-02,ADA,0.03945
337,2019-10-03,ADA,0.03959
338,2019-10-04,ADA,0.04023
339,2019-10-05,ADA,0.03977
340,2019-10-06,ADA,0.03999
341,2019-10-07,ADA,0.04186
342,2019-10-08,ADA,0.04217
343,2019-10-09,ADA,0.04345
344,2019-10-10,ADA,0.04262
345,2019-10-11,ADA,0.04239
346,2019-10-12,ADA,0.04093
347,2019-10-13,ADA,0.04172
348,2019-10-14,ADA,0.04205
349,2019-10-15,ADA,0.04191
350,2019-10-16,ADA,0.03988
351,2019-10-17,ADA,0.03947
352,2019-10-18,ADA,0.03951
353,2019-10-19,ADA,0.03959
354,2019-10-20,ADA,0.0395
355,2019-10-21,ADA,0.03949
356,2019-10-22,ADA,0.03998
357,2019-10-23,ADA,0.0388
358,2019-10-24,ADA,0.03796
359,2019-10-25,ADA,0.04202
360,2019-10-26,ADA,0.04329
361,2019-10-27,ADA,0.04342
362,2019-10-28,ADA,0.04492
363,2019-10-29,ADA,0.044
364,2019-10-30,ADA,0.0445
365,2019-10-31,ADA,0.04229
366,2019-11-01,ADA,0.04259
367,2019-11-02,ADA,0.04259
368,2019-11-03,ADA,0.04257
369,2019-11-04,ADA,0.04346
370,2019-11-05,ADA,0.0448
371,2019-11-06,ADA,0.04603
372,2019-11-07,ADA,0.04491
373,2019-11-08,ADA,0.04382
374,2019-11-09,ADA,0.04281
375,2019-11-10,ADA,0.04416
376,2019-11-11,ADA,0.044
377,2019-11-12,ADA,0.04456
378,2019-11-13,ADA,0.04394
379,2019-11-14,ADA,0.04342
380,2019-11-15,ADA,0.04452
381,2019-11-16,ADA,0.04478
382,2019-11-17,ADA,0.04592
383,2019-11-18,ADA,0.04624
384,2019-11-19,ADA,0.04345
385,2019-11-20,ADA,0.04236
386,2019-11-21,ADA,0.04111
387,2019-11-22,ADA,0.03866
388,2019-11-23,ADA,0.03836
389,2019-11-24,ADA,0.03869
390,2019-11-25,ADA,0.03734
391,2019-11-26,ADA,0.03717
392,2019-11-27,ADA,0.03992
393,2019-11-28,ADA,0.0398
394,2019-11-29,ADA,0.042
395,2019-11-30,ADA,0.04212
396,2019-12-01,ADA,0.04035
397,2019-12-02,ADA,0.03959
398,2019-12-03,ADA,0.0388
399,2019-12-04,ADA,0.03878
400,2019-12-05,ADA,0.03816
401,2019-12-06,ADA,0.0383
402,2019-12-07,ADA,0.03911
403,2019-12-08,ADA,0.03887
404,2019-12-09,ADA,0.03881
405,2019-12-10,ADA,0.03834
406,2019-12-11,ADA,0.03717
407,2019-12-12,ADA,0.03696
408,2019-12-13,ADA,0.0374
409,2019-12-14,ADA,0.03732
410,2019-12-15,ADA,0.03666
411,2019-12-16,ADA,0.03655
412,2019-12-17,ADA,0.03415
413,2019-12-18,ADA,0.03469
414,2019-12-19,ADA,0.03473
415,2019-12-20,ADA,0.0342
416,2019-12-21,ADA,0.03393
417,2019-12-22,ADA,0.0345
418,2019-12-23,ADA,0.03462
419,2019-12-24,ADA,0.03461
420,2019-12-25,ADA,0.03406
421,2019-12-26,ADA,0.03495
422,2019-12-27,ADA,0.0344
423,2019-12-28,ADA,0.03419
424,2019-12-29,ADA,0.03467
425,2019-12-30,ADA,0.0344
426,2019-12-31,ADA,0.03382
427,2020-01-01,ADA,0.0338
428,2020-01-02,ADA,0.03348
429,2020-01-03,ADA,0.03446
430,2020-01-04,ADA,0.0345
431,2020-01-05,ADA,0.03527
432,2020-01-06,ADA,0.03736
433,2020-01-07,ADA,0.03808
434,2020-01-08,ADA,0.03875
435,2020-01-09,ADA,0.03637
436,2020-01-10,ADA,0.03709
437,2020-01-11,ADA,0.0378
438,2020-01-12,ADA,0.03792
439,2020-01-13,ADA,0.03795
440,2020-01-14,ADA,0.04277
441,2020-01-15,ADA,0.04324
442,2020-01-16,ADA,0.0433
443,2020-01-17,ADA,0.04595
444,2020-01-18,ADA,0.04583
445,2020-01-19,ADA,0.046
446,2020-01-20,ADA,0.04435
447,2020-01-21,ADA,0.04684
448,2020-01-22,ADA,0.04655
449,2020-01-23,ADA,0.0459
450,2020-01-24,ADA,0.04539
451,2020-01-25,ADA,0.04525
452,2020-01-26,ADA,0.04478
453,2020-01-27,ADA,0.04903
454,2020-01-28,ADA,0.05471
455,2020-01-29,ADA,0.05771
456,2020-01-30,ADA,0.0573
457,2020-01-31,ADA,0.0568
458,2020-02-01,ADA,0.05723
459,2020-02-02,ADA,0.0587
460,2020-02-03,ADA,0.05785
461,2020-02-04,ADA,0.05788
462,2020-02-05,ADA,0.06019
463,2020-02-06,ADA,0.06088
464,2020-02-07,ADA,0.06279
465,2020-02-08,ADA,0.06135
466,2020-02-09,ADA,0.0624
467,2020-02-10,ADA,0.0621
468,2020-02-11,ADA,0.0635
469,2020-02-12,ADA,0.07034
470,2020-02-13,ADA,0.07231
471,2020-02-14,ADA,0.07127
472,2020-02-15,ADA,0.07136
473,2020-02-16,ADA,0.06713
474,2020-02-17,ADA,0.0627
475,2020-02-18,ADA,0.06373
476,2020-02-19,ADA,0.063
477,2020-02-20,ADA,0.05894
478,2020-02-21,ADA,0.06
479,2020-02-22,ADA,0.05909
480,2020-02-23,ADA,0.062
481,2020-02-24,ADA,0.0618
482,2020-02-25,ADA,0.05916
483,2020-02-26,ADA,0.05667
484,2020-02-27,ADA,0.05217
485,2020-02-28,ADA,0.05134
486,2020-02-29,ADA,0.05
487,2020-03-01,ADA,0.04831
488,2020-03-02,ADA,0.0498
489,2020-03-03,ADA,0.04941
490,2020-03-04,ADA,0.05034
491,2020-03-05,ADA,0.05229
492,2020-03-06,ADA,0.05174
493,2020-03-07,ADA,0.05186
494,2020-03-08,ADA,0.04876
495,2020-03-09,ADA,0.044
496,2020-03-10,ADA,0.04299
497,2020-03-11,ADA,0.04182
498,2020-03-12,ADA,0.03983
499,2020-03-13,ADA,0.02938
500,2020-03-14,ADA,0.0289
501,2020-03-15,ADA,0.02904
502,2020-03-16,ADA,0.02697
503,2020-03-17,ADA,0.0265
504,2020-03-18,ADA,0.02653
505,2020-03-19,ADA,0.03198
506,2020-03-20,ADA,0.03396
507,2020-03-21,ADA,0.03067
508,2020-03-22,ADA,0.03044
509,2020-03-23,ADA,0.02993
510,2020-03-24,ADA,0.03041
511,2020-03-25,ADA,0.03043
512,2020-03-26,ADA,0.03102
513,2020-03-27,ADA,0.03143
514,2020-03-28,ADA,0.02998
515,2020-03-29,ADA,0.02999
516,2020-03-30,ADA,0.03044
517,2020-03-31,ADA,0.03067
518,2020-04-01,ADA,0.03097
519,2020-04-02,ADA,0.03352
520,2020-04-03,ADA,0.03272
521,2020-04-04,ADA,0.03272
522,2020-04-05,ADA,0.03256
523,2020-04-06,ADA,0.03611
524,2020-04-07,ADA,0.03695
525,2020-04-08,ADA,0.03683
526,2020-04-09,ADA,0.0366
527,2020-04-10,ADA,0.0362
528,2020-04-11,ADA,0.0341
529,2020-04-12,ADA,0.03489
530,2020-04-13,ADA,0.03353
531,2020-04-14,ADA,0.03376
532,2020-04-15,ADA,0.0337
533,2020-04-16,ADA,0.035
534,2020-04-17,ADA,0.03494
535,2020-04-18,ADA,0.037
536,2020-04-19,ADA,0.03675
537,2020-04-20,ADA,0.0366
538,2020-04-21,ADA,0.035
539,2020-04-22,ADA,0.03668
540,2020-04-23,ADA,0.04257
541,2020-04-24,ADA,0.04473
542,2020-04-25,ADA,0.04358
543,2020-04-26,ADA,0.04616
544,2020-04-27,ADA,0.04765
545,2020-04-28,ADA,0.0481
546,2020-04-29,ADA,0.052
547,2020-04-30,ADA,0.05439
548,2020-05-01,ADA,0.05187
549,2020-05-02,ADA,0.05147
550,2020-05-03,ADA,0.05169
551,2020-05-04,ADA,0.05027
552,2020-05-05,ADA,0.0506
553,2020-05-06,ADA,0.05119
554,2020-05-07,ADA,0.05158
555,2020-05-08,ADA,0.05376
556,2020-05-09,ADA,0.05308
557,2020-05-10,ADA,0.05156
558,2020-05-11,ADA,0.05
559,2020-05-12,ADA,0.05118
560,2020-05-13,ADA,0.05227
561,2020-05-14,ADA,0.052
562,2020-05-15,ADA,0.05197
563,2020-05-16,ADA,0.05141
564,2020-05-17,ADA,0.05225
565,2020-05-18,ADA,0.055
566,2020-05-19,ADA,0.057
567,2020-05-20,ADA,0.0576
568,2020-05-21,ADA,0.0576
569,2020-05-22,ADA,0.057
570,2020-05-23,ADA,0.05648
571,2020-05-24,ADA,0.05616
572,2020-05-25,ADA,0.05434
573,2020-05-26,ADA,0.05417
574,2020-05-27,ADA,0.05595
575,2020-05-28,ADA,0.06766
576,2020-05-29,ADA,0.06667
577,2020-05-30,ADA,0.07748
578,2020-05-31,ADA,0.0865
579,2020-06-01,ADA,0.08306
580,2020-06-02,ADA,0.08248
581,2020-06-03,ADA,0.0861
582,2020-06-04,ADA,0.09039
583,2020-06-05,ADA,0.08914
584,2020-06-06,ADA,0.0873
585,2020-06-07,ADA,0.08867
586,2020-06-08,ADA,0.08695
587,2020-06-09,ADA,0.08678
588,2020-06-10,ADA,0.08399
589,2020-06-11,ADA,0.08512
590,2020-06-12,ADA,0.0809
591,2020-06-13,ADA,0.07959
592,2020-06-14,ADA,0.07918
593,2020-06-15,ADA,0.07984
594,2020-06-16,ADA,0.07978
595,2020-06-17,ADA,0.08398
596,2020-06-18,ADA,0.08454
597,2020-06-19,ADA,0.0819
598,2020-06-20,ADA,0.08023
599,2020-06-21,ADA,0.08099
600,2020-06-22,ADA,0.08396
601,2020-06-23,ADA,0.08445
602,2020-06-24,ADA,0.08723
603,2020-06-25,ADA,0.08351
604,2020-06-26,ADA,0.08181
605,2020-06-27,ADA,0.081
606,2020-06-28,ADA,0.08109
607,2020-06-29,ADA,0.08444
608,2020-06-30,ADA,0.0847
609,2020-07-01,ADA,0.09708
610,2020-07-02,ADA,0.09685
611,2020-07-03,ADA,0.1021
612,2020-07-04,ADA,0.10118
613,2020-07-05,ADA,0.10005
614,2020-07-06,ADA,0.10676
615,2020-07-07,ADA,0.11916
616,2020-07-08,ADA,0.13877
617,2020-07-09,ADA,0.12993
618,2020-07-10,ADA,0.12428
619,2020-07-11,ADA,0.12726
620,2020-07-12,ADA,0.12849
621,2020-07-13,ADA,0.136
622,2020-07-14,ADA,0.135
623,2020-07-15,ADA,0.13283
624,2020-07-16,ADA,0.13333
625,2020-07-17,ADA,0.12671
626,2020-07-18,ADA,0.12475
627,2020-07-19,ADA,0.12475
628,2020-07-20,ADA,0.12431
629,2020-07-21,ADA,0.12468
630,2020-07-22,ADA,0.12466
631,2020-07-23,ADA,0.12607
632,2020-07-24,ADA,0.12437
633,2020-07-25,ADA,0.14588
634,2020-07-26,ADA,0.15464
635,2020-07-27,ADA,0.14983
636,2020-07-28,ADA,0.15101
637,2020-07-29,ADA,0.14998
638,2020-07-30,ADA,0.1426
639,2020-07-31,ADA,0.14133
640,2020-08-01,ADA,0.14691
641,2020-08-02,ADA,0.1485
642,2020-08-03,ADA,0.1393
643,2020-08-04,ADA,0.14825
644,2020-08-05,ADA,0.14533
645,2020-08-06,ADA,0.14585
646,2020-08-07,ADA,0.14746
647,2020-08-08,ADA,0.14788
648,2020-08-09,ADA,0.1523
649,2020-08-10,ADA,0.14653
650,2020-08-11,ADA,0.1445
651,2020-08-12,ADA,0.13787
652,2020-08-13,ADA,0.14212
653,2020-08-14,ADA,0.14117
654,2020-08-15,ADA,0.1418
655,2020-08-16,ADA,0.13961
656,2020-08-17,ADA,0.14484
657,2020-08-18,ADA,0.144
658,2020-08-19,ADA,0.13832
659,2020-08-20,ADA,0.13453
660,2020-08-21,ADA,0.13436
661,2020-08-22,ADA,0.12618
662,2020-08-23,ADA,0.1259
663,2020-08-24,ADA,0.12707
664,2020-08-25,ADA,0.12395
665,2020-08-26,ADA,0.11819
666,2020-08-27,ADA,0.11583
667,2020-08-28,ADA,0.11166
668,2020-08-29,ADA,0.11796
669,2020-08-30,ADA,0.11879
670,2020-08-31,ADA,0.1268
671,2020-09-01,ADA,0.12812
672,2020-09-02,ADA,0.12642
673,2020-09-03,ADA,0.11693
674,2020-09-04,ADA,0.10399
675,2020-09-05,ADA,0.10398
676,2020-09-06,ADA,0.09614
677,2020-09-07,ADA,0.09421
678,2020-09-08,ADA,0.09699
679,2020-09-09,ADA,0.09575
680,2020-09-10,ADA,0.0995
681,2020-09-11,ADA,0.09755
682,2020-09-12,ADA,0.0985
683,2020-09-13,ADA,0.09981
684,2020-09-14,ADA,0.09787
685,2020-09-15,ADA,0.09804
686,2020-09-16,ADA,0.09334
687,2020-09-17,ADA,0.09475
688,2020-09-18,ADA,0.09415
689,2020-09-19,ADA,0.09325
690,2020-09-20,ADA,0.09223
691,2020-09-21,ADA,0.09017
692,2020-09-22,ADA,0.08335
693,2020-09-23,ADA,0.0828
694,2020-09-24,ADA,0.08376
695,2020-09-25,ADA,0.09867
696,2020-09-26,ADA,0.09997
697,2020-09-27,ADA,0.10273
698,2020-09-28,ADA,0.10671
699,2020-09-29,ADA,0.1036
700,2020-09-30,ADA,0.10175
701,2020-10-01,ADA,0.10465
702,2020-10-02,ADA,0.1004
703,2020-10-03,ADA,0.09532
704,2020-10-04,ADA,0.09804
705,2020-10-05,ADA,0.09948
706,2020-10-06,ADA,0.09864
707,2020-10-07,ADA,0.09449
708,2020-10-08,ADA,0.09731
709,2020-10-09,ADA,0.10255
710,2020-10-10,ADA,0.11151
711,2020-10-11,ADA,0.10899
712,2020-10-12,ADA,0.11369
713,2020-10-13,ADA,0.11428
714,2020-10-14,ADA,0.11238
715,2020-10-15,ADA,0.10782
716,2020-10-16,ADA,0.10733
717,2020-10-17,ADA,0.10739
718,2020-10-18,ADA,0.10761
719,2020-10-19,ADA,0.1111
720,2020-10-20,ADA,0.10883
721,2020-10-21,ADA,0.10858
722,2020-10-22,ADA,0.11279
723,2020-10-23,ADA,0.11228
724,2020-10-24,ADA,0.1099
725,2020-10-25,ADA,0.10879
726,2020-10-26,ADA,0.1076
727,2020-10-27,ADA,0.10568
728,2020-10-28,ADA,0.10331
729,2020-10-29,ADA,0.10082
730,2020-10-30,ADA,0.09569
731,2020-10-31,ADA,0.09555
732,2020-11-01,ADA,0.09868
733,2020-11-02,ADA,0.10004
734,2020-11-03,ADA,0.09417
735,2020-11-04,ADA,0.09628
736,2020-11-05,ADA,0.0981
737,2020-11-06,ADA,0.11
738,2020-11-07,ADA,0.11387
739,2020-11-08,ADA,0.10832
740,2020-11-09,ADA,0.10799
741,2020-11-10,ADA,0.10915
742,2020-11-11,ADA,0.1089
743,2020-11-12,ADA,0.10667
744,2020-11-13,ADA,0.10798
745,2020-11-14,ADA,0.1073
746,2020-11-15,ADA,0.10527
747,2020-11-16,ADA,0.10499
748,2020-11-17,ADA,0.11246
749,2020-11-18,ADA,0.11161
750,2020-11-19,ADA,0.10816
751,2020-11-20,ADA,0.119
752,2020-11-21,ADA,0.13472
753,2020-11-22,ADA,0.15352
754,2020-11-23,ADA,0.15925
755,2020-11-24,ADA,0.183
756,2020-11-25,ADA,0.17549
757,2020-11-26,ADA,0.16085
758,2020-11-27,ADA,0.14559
759,2020-11-28,ADA,0.17233
760,2020-11-29,ADA,0.17136
761,2020-11-30,ADA,0.17399
762,2020-12-01,ADA,0.17456
763,2020-12-02,ADA,0.15997
764,2020-12-03,ADA,0.16842
765,2020-12-04,ADA,0.16464
766,2020-12-05,ADA,0.16198
767,2020-12-06,ADA,0.16288
768,2020-12-07,ADA,0.15906
769,2020-12-08,ADA,0.1552
770,2020-12-09,ADA,0.15025
771,2020-12-10,ADA,0.14865
772,2020-12-11,ADA,0.14291
773,2020-12-12,ADA,0.14736
774,2020-12-13,ADA,0.15669
775,2020-12-14,ADA,0.1588
776,2020-12-15,ADA,0.16
777,2020-12-16,ADA,0.16844
778,2020-12-17,ADA,0.17628
779,2020-12-18,ADA,0.16942
780,2020-12-19,ADA,0.17082
781,2020-12-20,ADA,0.169
782,2020-12-21,ADA,0.16714
783,2020-12-22,ADA,0.16124
784,2020-12-23,ADA,0.15786
785,2020-12-24,ADA,0.15477
786,2020-12-25,ADA,0.167
787,2020-12-26,ADA,0.16242
788,2020-12-27,ADA,0.16642
789,2020-12-28,ADA,0.18057
790,2020-12-29,ADA,0.19725
791,2020-12-30,ADA,0.19389
792,2020-12-31,ADA,0.1864
793,2021-01-01,ADA,0.18473
794,2021-01-02,ADA,0.18457
795,2021-01-03,ADA,0.2096
796,2021-01-04,ADA,0.23992
797,2021-01-05,ADA,0.26429
798,2021-01-06,ADA,0.34772
799,2021-01-07,ADA,0.3553
800,2021-01-08,ADA,0.32165
801,2021-01-09,ADA,0.33851
802,2021-01-10,ADA,0.3412
803,2021-01-11,ADA,0.30397
804,2021-01-12,ADA,0.31442
805,2021-01-13,ADA,0.31587
806,2021-01-14,ADA,0.32455
807,2021-01-15,ADA,0.33225
808,2021-01-16,ADA,0.36696
809,2021-01-17,ADA,0.3974
810,2021-01-18,ADA,0.39724
811,2021-01-19,ADA,0.39001
812,2021-01-20,ADA,0.3769
813,2021-01-21,ADA,0.37945
814,2021-01-22,ADA,0.3598
815,2021-01-23,ADA,0.35763
816,2021-01-24,ADA,0.36926
817,2021-01-25,ADA,0.36415
818,2021-01-26,ADA,0.35111
819,2021-01-27,ADA,0.34396
820,2021-01-28,ADA,0.35575
821,2021-01-29,ADA,0.36836
822,2021-01-30,ADA,0.37694
823,2021-01-31,ADA,0.37752
824,2021-02-01,ADA,0.42411
825,2021-02-02,ADA,0.4559
826,2021-02-03,ADA,0.44961
827,2021-02-04,ADA,0.45
828,2021-02-05,ADA,0.56
829,2021-02-06,ADA,0.66706
830,2021-02-07,ADA,0.70888
831,2021-02-08,ADA,0.7238
832,2021-02-09,ADA,0.71206
833,2021-02-10,ADA,0.95306
834,2021-02-11,ADA,0.98
835,2021-02-12,ADA,0.94825
836,2021-02-13,ADA,0.95053
837,2021-02-14,ADA,0.919
838,2021-02-15,ADA,0.911
839,2021-02-16,ADA,0.90591
840,2021-02-17,ADA,0.89745
841,2021-02-18,ADA,0.9578
842,2021-02-19,ADA,0.9456
843,2021-02-20,ADA,1.2
844,2021-02-21,ADA,1.15172
845,2021-02-22,ADA,1.146
846,2021-02-23,ADA,1.142
847,2021-02-24,ADA,1.077
848,2021-02-25,ADA,1.177
849,2021-02-26,ADA,1.298
850,2021-02-27,ADA,1.488
851,2021-02-28,ADA,1.3595
852,2021-03-01,ADA,1.348
853,2021-03-02,ADA,1.29998
854,2021-03-03,ADA,1.26636
855,2021-03-04,ADA,1.23052
856,2021-03-05,ADA,1.1972
857,2021-03-06,ADA,1.183
858,2021-03-07,ADA,1.145
859,2021-03-08,ADA,1.17835
860,2021-03-09,ADA,1.22
861,2021-03-10,ADA,1.208
862,2021-03-11,ADA,1.14
863,2021-03-12,ADA,1.128
864,2021-03-13,ADA,1.193
865,2021-03-14,ADA,1.10265
866,2021-03-15,ADA,1.07078
867,2021-03-16,ADA,1.28
868,2021-03-17,ADA,1.43
869,2021-03-18,ADA,1.47299
870,2021-03-19,ADA,1.34286
871,2021-03-20,ADA,1.30974
872,2021-03-21,ADA,1.24139
873,2021-03-22,ADA,1.20782
874,2021-03-23,ADA,1.1739
875,2021-03-24,ADA,1.1639
876,2021-03-25,ADA,1.1535
877,2021-03-26,ADA,1.28755
878,2021-03-27,ADA,1.2389
879,2021-03-28,ADA,1.22
880,2021-03-29,ADA,1.22979
881,2021-03-30,ADA,1.23555
882,2021-03-31,ADA,1.21273
883,2021-04-01,ADA,1.20772
884,2021-04-02,ADA,1.24796
885,2021-04-03,ADA,1.24078
886,2021-04-04,ADA,1.193
887,2021-04-05,ADA,1.22647
888,2021-04-06,ADA,1.34359
889,2021-04-07,ADA,1.29
890,2021-04-08,ADA,1.22502
891,2021-04-09,ADA,1.22907
892,2021-04-10,ADA,1.25199
893,2021-04-11,ADA,1.28989
894,2021-04-12,ADA,1.348
895,2021-04-13,ADA,1.4378
896,2021-04-14,ADA,1.55845
897,2021-04-15,ADA,1.49539
898,2021-04-16,ADA,1.51915
899,2021-04-17,ADA,1.45805
900,2021-04-18,ADA,1.38654
901,2021-04-19,ADA,1.32443
902,2021-04-20,ADA,1.28241
903,2021-04-21,ADA,1.29
904,2021-04-22,ADA,1.27984
905,2021-04-23,ADA,1.16895
906,2021-04-24,ADA,1.198
907,2021-04-25,ADA,1.14678
908,2021-04-26,ADA,1.2509
909,2021-04-27,ADA,1.3333
910,2021-04-28,ADA,1.3488
911,2021-04-29,ADA,1.4117
912,2021-04-30,ADA,1.3709
913,2021-05-01,ADA,1.3678
914,2021-05-02,ADA,1.3556
915,2021-05-03,ADA,1.38
916,2021-05-04,ADA,1.3673
917,2021-05-05,ADA,1.497
918,2021-05-06,ADA,1.7
919,2021-05-07,ADA,1.7478
920,2021-05-08,ADA,1.6543
921,2021-05-09,ADA,1.833
922,2021-05-10,ADA,1.8243
923,2021-05-11,ADA,1.7791
924,2021-05-12,ADA,1.821
925,2021-05-13,ADA,1.9719
926,2021-05-14,ADA,2.043
927,2021-05-15,ADA,2.3789
928,2021-05-16,ADA,2.47
929,2021-05-17,ADA,2.329
930,2021-05-18,ADA,2.1492
931,2021-05-19,ADA,2.0317
932,2021-05-20,ADA,1.9487
933,2021-05-21,ADA,1.87
934,2021-05-22,ADA,1.602
935,2021-05-23,ADA,1.5397
936,2021-05-24,ADA,1.5974
937,2021-05-25,ADA,1.6499
938,2021-05-26,ADA,1.832
939,2021-05-27,ADA,1.7885
940,2021-05-28,ADA,1.678
941,2021-05-29,ADA,1.5624
942,2021-05-30,ADA,1.7
943,2021-05-31,ADA,1.75
944,2021-06-01,ADA,1.7796
945,2021-06-02,ADA,1.8042
946,2021-06-03,ADA,1.8897
947,2021-06-04,ADA,1.848
948,2021-06-05,ADA,1.7823
949,2021-06-06,ADA,1.7077
950,2021-06-07,ADA,1.7414
951,2021-06-08,ADA,1.5966
952,2021-06-09,ADA,1.635
953,2021-06-10,ADA,1.6378
954,2021-06-11,ADA,1.5474
955,2021-06-12,ADA,1.4934
956,2021-06-13,ADA,1.58
957,2021-06-14,ADA,1.595
958,2021-06-15,ADA,1.6109
959,2021-06-16,ADA,1.5754
960,2021-06-17,ADA,1.5388
961,2021-06-18,ADA,1.4927
962,2021-06-19,ADA,1.4411
963,2021-06-20,ADA,1.46
964,2021-06-21,ADA,1.4371
965,2021-06-22,ADA,1.2634
966,2021-06-23,ADA,1.31
967,2021-06-24,ADA,1.3998
968,2021-06-25,ADA,1.3971
969,2021-06-26,ADA,1.2923
970,2021-06-27,ADA,1.3499
971,2021-06-28,ADA,1.3506
972,2021-06-29,ADA,1.42
973,2021-06-30,ADA,1.3993
974,2021-07-01,ADA,1.3862
975,2018-10-31,DOGE,
976,2018-11-01,DOGE,
977,2018-11-02,DOGE,
978,2018-11-03,DOGE,
979,2018-11-04,DOGE,
980,2018-11-05,DOGE,
981,2018-11-06,DOGE,
982,2018-11-07,DOGE,
983,2018-11-08,DOGE,
984,2018-11-09,DOGE,
985,2018-11-10,DOGE,
986,2018-11-11,DOGE,
987,2018-11-12,DOGE,
988,2018-11-13,DOGE,
989,2018-11-14,DOGE,
990,2018-11-15,DOGE,
991,2018-11-16,DOGE,
992,2018-11-17,DOGE,
993,2018-11-18,DOGE,
994,2018-11-19,DOGE,
995,2018-11-20,DOGE,
996,2018-11-21,DOGE,
997,2018-11-22,DOGE,
998,2018-11-23,DOGE,
999,2018-11-24,DOGE,
1000,2018-11-25,DOGE,
1001,2018-11-26,DOGE,
1002,2018-11-27,DOGE,
1003,2018-11-28,DOGE,
1004,2018-11-29,DOGE,
1005,2018-11-30,DOGE,
1006,2018-12-01,DOGE,
1007,2018-12-02,DOGE,
1008,2018-12-03,DOGE,
1009,2018-12-04,DOGE,
1010,2018-12-05,DOGE,
1011,2018-12-06,DOGE,
1012,2018-12-07,DOGE,
1013,2018-12-08,DOGE,
1014,2018-12-09,DOGE,
1015,2018-12-10,DOGE,
1016,2018-12-11,DOGE,
1017,2018-12-12,DOGE,
1018,2018-12-13,DOGE,
1019,2018-12-14,DOGE,
1020,2018-12-15,DOGE,
1021,2018-12-16,DOGE,
1022,2018-12-17,DOGE,
1023,2018-12-18,DOGE,
1024,2018-12-19,DOGE,
1025,2018-12-20,DOGE,
1026,2018-12-21,DOGE,
1027,2018-12-22,DOGE,
1028,2018-12-23,DOGE,
1029,2018-12-24,DOGE,
1030,2018-12-25,DOGE,
1031,2018-12-26,DOGE,
1032,2018-12-27,DOGE,
1033,2018-12-28,DOGE,
1034,2018-12-29,DOGE,
1035,2018-12-30,DOGE,
1036,2018-12-31,DOGE,
1037,2019-01-01,DOGE,
1038,2019-01-02,DOGE,
1039,2019-01-03,DOGE,
1040,2019-01-04,DOGE,
1041,2019-01-05,DOGE,
1042,2019-01-06,DOGE,
1043,2019-01-07,DOGE,
1044,2019-01-08,DOGE,
1045,2019-01-09,DOGE,
1046,2019-01-10,DOGE,
1047,2019-01-11,DOGE,
1048,2019-01-12,DOGE,
1049,2019-01-13,DOGE,
1050,2019-01-14,DOGE,
1051,2019-01-15,DOGE,
1052,2019-01-16,DOGE,
1053,2019-01-17,DOGE,
1054,2019-01-18,DOGE,
1055,2019-01-19,DOGE,
1056,2019-01-20,DOGE,
1057,2019-01-21,DOGE,
1058,2019-01-22,DOGE,
1059,2019-01-23,DOGE,
1060,2019-01-24,DOGE,
1061,2019-01-25,DOGE,
1062,2019-01-26,DOGE,
1063,2019-01-27,DOGE,
1064,2019-01-28,DOGE,
1065,2019-01-29,DOGE,
1066,2019-01-30,DOGE,
1067,2019-01-31,DOGE,
1068,2019-02-01,DOGE,
1069,2019-02-02,DOGE,
1070,2019-02-03,DOGE,
1071,2019-02-04,DOGE,
1072,2019-02-05,DOGE,
1073,2019-02-06,DOGE,
1074,2019-02-07,DOGE,
1075,2019-02-08,DOGE,
1076,2019-02-09,DOGE,
1077,2019-02-10,DOGE,
1078,2019-02-11,DOGE,
1079,2019-02-12,DOGE,
1080,2019-02-13,DOGE,
1081,2019-02-14,DOGE,
1082,2019-02-15,DOGE,
1083,2019-02-16,DOGE,
1084,2019-02-17,DOGE,
1085,2019-02-18,DOGE,
1086,2019-02-19,DOGE,
1087,2019-02-20,DOGE,
1088,2019-02-21,DOGE,
1089,2019-02-22,DOGE,
1090,2019-02-23,DOGE,
1091,2019-02-24,DOGE,
1092,2019-02-25,DOGE,
1093,2019-02-26,DOGE,
1094,2019-02-27,DOGE,
1095,2019-02-28,DOGE,
1096,2019-03-01,DOGE,
1097,2019-03-02,DOGE,
1098,2019-03-03,DOGE,
1099,2019-03-04,DOGE,
1100,2019-03-05,DOGE,
1101,2019-03-06,DOGE,
1102,2019-03-07,DOGE,
1103,2019-03-08,DOGE,
1104,2019-03-09,DOGE,
1105,2019-03-10,DOGE,
1106,2019-03-11,DOGE,
1107,2019-03-12,DOGE,
1108,2019-03-13,DOGE,
1109,2019-03-14,DOGE,
1110,2019-03-15,DOGE,
1111,2019-03-16,DOGE,
1112,2019-03-17,DOGE,
1113,2019-03-18,DOGE,
1114,2019-03-19,DOGE,
1115,2019-03-20,DOGE,
1116,2019-03-21,DOGE,
1117,2019-03-22,DOGE,
1118,2019-03-23,DOGE,
1119,2019-03-24,DOGE,
1120,2019-03-25,DOGE,
1121,2019-03-26,DOGE,
1122,2019-03-27,DOGE,
1123,2019-03-28,DOGE,
1124,2019-03-29,DOGE,
1125,2019-03-30,DOGE,
1126,2019-03-31,DOGE,
1127,2019-04-01,DOGE,
1128,2019-04-02,DOGE,
1129,2019-04-03,DOGE,
1130,2019-04-04,DOGE,
1131,2019-04-05,DOGE,
1132,2019-04-06,DOGE,
1133,2019-04-07,DOGE,
1134,2019-04-08,DOGE,
1135,2019-04-09,DOGE,
1136,2019-04-10,DOGE,
1137,2019-04-11,DOGE,
1138,2019-04-12,DOGE,
1139,2019-04-13,DOGE,
1140,2019-04-14,DOGE,
1141,2019-04-15,DOGE,
1142,2019-04-16,DOGE,
1143,2019-04-17,DOGE,
1144,2019-04-18,DOGE,
1145,2019-04-19,DOGE,
1146,2019-04-20,DOGE,
1147,2019-04-21,DOGE,
1148,2019-04-22,DOGE,
1149,2019-04-23,DOGE,
1150,2019-04-24,DOGE,
1151,2019-04-25,DOGE,
1152,2019-04-26,DOGE,
1153,2019-04-27,DOGE,
1154,2019-04-28,DOGE,
1155,2019-04-29,DOGE,
1156,2019-04-30,DOGE,
1157,2019-05-01,DOGE,
1158,2019-05-02,DOGE,
1159,2019-05-03,DOGE,
1160,2019-05-04,DOGE,
1161,2019-05-05,DOGE,
1162,2019-05-06,DOGE,
1163,2019-05-07,DOGE,
1164,2019-05-08,DOGE,
1165,2019-05-09,DOGE,
1166,2019-05-10,DOGE,
1167,2019-05-11,DOGE,
1168,2019-05-12,DOGE,
1169,2019-05-13,DOGE,
1170,2019-05-14,DOGE,
1171,2019-05-15,DOGE,
1172,2019-05-16,DOGE,
1173,2019-05-17,DOGE,
1174,2019-05-18,DOGE,
1175,2019-05-19,DOGE,
1176,2019-05-20,DOGE,
1177,2019-05-21,DOGE,
1178,2019-05-22,DOGE,
1179,2019-05-23,DOGE,
1180,2019-05-24,DOGE,
1181,2019-05-25,DOGE,
1182,2019-05-26,DOGE,
1183,2019-05-27,DOGE,
1184,2019-05-28,DOGE,
1185,2019-05-29,DOGE,
1186,2019-05-30,DOGE,
1187,2019-05-31,DOGE,
1188,2019-06-01,DOGE,
1189,2019-06-02,DOGE,
1190,2019-06-03,DOGE,
1191,2019-06-04,DOGE,
1192,2019-06-05,DOGE,
1193,2019-06-06,DOGE,
1194,2019-06-07,DOGE,
1195,2019-06-08,DOGE,
1196,2019-06-09,DOGE,
1197,2019-06-10,DOGE,
1198,2019-06-11,DOGE,
1199,2019-06-12,DOGE,
1200,2019-06-13,DOGE,
1201,2019-06-14,DOGE,
1202,2019-06-15,DOGE,
1203,2019-06-16,DOGE,
1204,2019-06-17,DOGE,
1205,2019-06-18,DOGE,
1206,2019-06-19,DOGE,
1207,2019-06-20,DOGE,
1208,2019-06-21,DOGE,
1209,2019-06-22,DOGE,
1210,2019-06-23,DOGE,
1211,2019-06-24,DOGE,
1212,2019-06-25,DOGE,
1213,2019-06-26,DOGE,
1214,2019-06-27,DOGE,
1215,2019-06-28,DOGE,
1216,2019-06-29,DOGE,
1217,2019-06-30,DOGE,
1218,2019-07-01,DOGE,
1219,2019-07-02,DOGE,
1220,2019-07-03,DOGE,
1221,2019-07-04,DOGE,
1222,2019-07-05,DOGE,0.0046
1223,2019-07-06,DOGE,0.0039426
1224,2019-07-07,DOGE,0.00365
1225,2019-07-08,DOGE,0.0035618
1226,2019-07-09,DOGE,0.003582
1227,2019-07-10,DOGE,0.0035294
1228,2019-07-11,DOGE,0.0033395
1229,2019-07-12,DOGE,0.0033598
1230,2019-07-13,DOGE,0.0032653
1231,2019-07-14,DOGE,0.0032788
1232,2019-07-15,DOGE,0.0031354
1233,2019-07-16,DOGE,0.0031009
1234,2019-07-17,DOGE,0.002986
1235,2019-07-18,DOGE,0.0031251
1236,2019-07-19,DOGE,0.0031068
1237,2019-07-20,DOGE,0.0031528
1238,2019-07-21,DOGE,0.0031272
1239,2019-07-22,DOGE,0.0030816
1240,2019-07-23,DOGE,0.0029567
1241,2019-07-24,DOGE,0.0028819
1242,2019-07-25,DOGE,0.0029487
1243,2019-07-26,DOGE,0.0029033
1244,2019-07-27,DOGE,0.00296
1245,2019-07-28,DOGE,0.0028137
1246,2019-07-29,DOGE,0.002884
1247,2019-07-30,DOGE,0.00288
1248,2019-07-31,DOGE,0.0028761
1249,2019-08-01,DOGE,0.0030617
1250,2019-08-02,DOGE,0.0029272
1251,2019-08-03,DOGE,0.002949
1252,2019-08-04,DOGE,0.0029985
1253,2019-08-05,DOGE,0.0031998
1254,2019-08-06,DOGE,0.003084
1255,2019-08-07,DOGE,0.0030399
1256,2019-08-08,DOGE,0.0029972
1257,2019-08-09,DOGE,0.0029725
1258,2019-08-10,DOGE,0.0029432
1259,2019-08-11,DOGE,0.0028995
1260,2019-08-12,DOGE,0.0028999
1261,2019-08-13,DOGE,0.0028643
1262,2019-08-14,DOGE,0.0028399
1263,2019-08-15,DOGE,0.0027695
1264,2019-08-16,DOGE,0.002718
1265,2019-08-17,DOGE,0.0026632
1266,2019-08-18,DOGE,0.0027214
1267,2019-08-19,DOGE,0.0028146
1268,2019-08-20,DOGE,0.002785
1269,2019-08-21,DOGE,0.0027153
1270,2019-08-22,DOGE,0.0027165
1271,2019-08-23,DOGE,0.002693
1272,2019-08-24,DOGE,0.0026785
1273,2019-08-25,DOGE,0.002666
1274,2019-08-26,DOGE,0.0027048
1275,2019-08-27,DOGE,0.00264
1276,2019-08-28,DOGE,0.0026014
1277,2019-08-29,DOGE,0.0024958
1278,2019-08-30,DOGE,0.0024939
1279,2019-08-31,DOGE,0.0024878
1280,2019-09-01,DOGE,0.0024851
1281,2019-09-02,DOGE,0.0026167
1282,2019-09-03,DOGE,0.0026054
1283,2019-09-04,DOGE,0.0025711
1284,2019-09-05,DOGE,0.0025221
1285,2019-09-06,DOGE,0.0025054
1286,2019-09-07,DOGE,0.002507
1287,2019-09-08,DOGE,0.0025306
1288,2019-09-09,DOGE,0.0024692
1289,2019-09-10,DOGE,0.0024612
1290,2019-09-11,DOGE,0.0024386
1291,2019-09-12,DOGE,0.002431
1292,2019-09-13,DOGE,0.0024128
1293,2019-09-14,DOGE,0.002437
1294,2019-09-15,DOGE,0.0024851
1295,2019-09-16,DOGE,0.0024765
1296,2019-09-17,DOGE,0.00262
1297,2019-09-18,DOGE,0.0028103
1298,2019-09-19,DOGE,0.0027322
1299,2019-09-20,DOGE,0.0027062
1300,2019-09-21,DOGE,0.0026619
1301,2019-09-22,DOGE,0.002599
1302,2019-09-23,DOGE,0.0025719
1303,2019-09-24,DOGE,0.0024731
1304,2019-09-25,DOGE,0.0022241
1305,2019-09-26,DOGE,0.0022375
1306,2019-09-27,DOGE,0.002199
1307,2019-09-28,DOGE,0.002232
1308,2019-09-29,DOGE,0.0022399
1309,2019-09-30,DOGE,0.0024733
1310,2019-10-01,DOGE,0.0025001
1311,2019-10-02,DOGE,0.0023692
1312,2019-10-03,DOGE,0.002325
1313,2019-10-04,DOGE,0.002325
1314,2019-10-05,DOGE,0.0023051
1315,2019-10-06,DOGE,0.0023048
1316,2019-10-07,DOGE,0.0023654
1317,2019-10-08,DOGE,0.0023649
1318,2019-10-09,DOGE,0.0023652
1319,2019-10-10,DOGE,0.0023512
1320,2019-10-11,DOGE,0.0023411
1321,2019-10-12,DOGE,0.002331
1322,2019-10-13,DOGE,0.0026349
1323,2019-10-14,DOGE,0.00275
1324,2019-10-15,DOGE,0.00258
1325,2019-10-16,DOGE,0.0026228
1326,2019-10-17,DOGE,0.002974
1327,2019-10-18,DOGE,0.0028665
1328,2019-10-19,DOGE,0.0027949
1329,2019-10-20,DOGE,0.0027575
1330,2019-10-21,DOGE,0.00295
1331,2019-10-22,DOGE,0.0027297
1332,2019-10-23,DOGE,0.002565
1333,2019-10-24,DOGE,0.00255
1334,2019-10-25,DOGE,0.0027799
1335,2019-10-26,DOGE,0.002898
1336,2019-10-27,DOGE,0.0029542
1337,2019-10-28,DOGE,0.00275
1338,2019-10-29,DOGE,0.0026952
1339,2019-10-30,DOGE,0.0026649
1340,2019-10-31,DOGE,0.0026357
1341,2019-11-01,DOGE,0.002675
1342,2019-11-02,DOGE,0.0026114
1343,2019-11-03,DOGE,0.0026369
1344,2019-11-04,DOGE,0.0026
1345,2019-11-05,DOGE,0.0026045
1346,2019-11-06,DOGE,0.00261
1347,2019-11-07,DOGE,0.0027449
1348,2019-11-08,DOGE,0.0027096
1349,2019-11-09,DOGE,0.0027351
1350,2019-11-10,DOGE,0.0027849
1351,2019-11-11,DOGE,0.0027687
1352,2019-11-12,DOGE,0.0027244
1353,2019-11-13,DOGE,0.0027078
1354,2019-11-14,DOGE,0.0026862
1355,2019-11-15,DOGE,0.00271
1356,2019-11-16,DOGE,0.0027
1357,2019-11-17,DOGE,0.0026619
1358,2019-11-18,DOGE,0.0026299
1359,2019-11-19,DOGE,0.0025381
1360,2019-11-20,DOGE,0.00259
1361,2019-11-21,DOGE,0.0025302
1362,2019-11-22,DOGE,0.0024426
1363,2019-11-23,DOGE,0.0024
1364,2019-11-24,DOGE,0.0023892
1365,2019-11-25,DOGE,0.0023206
1366,2019-11-26,DOGE,0.0023128
1367,2019-11-27,DOGE,0.00236
1368,2019-11-28,DOGE,0.00236
1369,2019-11-29,DOGE,0.0023733
1370,2019-11-30,DOGE,0.0023607
1371,2019-12-01,DOGE,0.0023041
1372,2019-12-02,DOGE,0.0022708
1373,2019-12-03,DOGE,0.0022366
1374,2019-12-04,DOGE,0.002245
1375,2019-12-05,DOGE,0.0022199
1376,2019-12-06,DOGE,0.0022416
1377,2019-12-07,DOGE,0.0022504
1378,2019-12-08,DOGE,0.0022499
1379,2019-12-09,DOGE,0.0022182
1380,2019-12-10,DOGE,0.002215
1381,2019-12-11,DOGE,0.002174
1382,2019-12-12,DOGE,0.0021688
1383,2019-12-13,DOGE,0.0022245
1384,2019-12-14,DOGE,0.0022933
1385,2019-12-15,DOGE,0.0022
1386,2019-12-16,DOGE,0.002177
1387,2019-12-17,DOGE,0.0021318
1388,2019-12-18,DOGE,0.0020868
1389,2019-12-19,DOGE,0.00218
1390,2019-12-20,DOGE,0.002065
1391,2019-12-21,DOGE,0.0020676
1392,2019-12-22,DOGE,0.0020859
1393,2019-12-23,DOGE,0.0021261
1394,2019-12-24,DOGE,0.0020546
1395,2019-12-25,DOGE,0.0020591
1396,2019-12-26,DOGE,0.0020545
1397,2019-12-27,DOGE,0.0020426
1398,2019-12-28,DOGE,0.0020624
1399,2019-12-29,DOGE,0.0020609
1400,2019-12-30,DOGE,0.0020585
1401,2019-12-31,DOGE,0.0020299
1402,2020-01-01,DOGE,0.002039
1403,2020-01-02,DOGE,0.00204
1404,2020-01-03,DOGE,0.0020359
1405,2020-01-04,DOGE,0.0021035
1406,2020-01-05,DOGE,0.0020922
1407,2020-01-06,DOGE,0.0021345
1408,2020-01-07,DOGE,0.0021847
1409,2020-01-08,DOGE,0.0022263
1410,2020-01-09,DOGE,0.0021633
1411,2020-01-10,DOGE,0.0022024
1412,2020-01-11,DOGE,0.002225
1413,2020-01-12,DOGE,0.0022133
1414,2020-01-13,DOGE,0.0022049
1415,2020-01-14,DOGE,0.0023955
1416,2020-01-15,DOGE,0.0024913
1417,2020-01-16,DOGE,0.0023768
1418,2020-01-17,DOGE,0.0025035
1419,2020-01-18,DOGE,0.0025225
1420,2020-01-19,DOGE,0.0025833
1421,2020-01-20,DOGE,0.002427
1422,2020-01-21,DOGE,0.0023952
1423,2020-01-22,DOGE,0.0023904
1424,2020-01-23,DOGE,0.0023478
1425,2020-01-24,DOGE,0.0022885
1426,2020-01-25,DOGE,0.0022708
1427,2020-01-26,DOGE,0.0023091
1428,2020-01-27,DOGE,0.0024271
1429,2020-01-28,DOGE,0.0024437
1430,2020-01-29,DOGE,0.0024477
1431,2020-01-30,DOGE,0.0024243
1432,2020-01-31,DOGE,0.002445
1433,2020-02-01,DOGE,0.002417
1434,2020-02-02,DOGE,0.0025018
1435,2020-02-03,DOGE,0.0024999
1436,2020-02-04,DOGE,0.0025178
1437,2020-02-05,DOGE,0.0026334
1438,2020-02-06,DOGE,0.0026896
1439,2020-02-07,DOGE,0.0028
1440,2020-02-08,DOGE,0.0032674
1441,2020-02-09,DOGE,0.00489
1442,2020-02-10,DOGE,0.0032819
1443,2020-02-11,DOGE,0.0030946
1444,2020-02-12,DOGE,0.0031568
1445,2020-02-13,DOGE,0.00321
1446,2020-02-14,DOGE,0.0031383
1447,2020-02-15,DOGE,0.0031769
1448,2020-02-16,DOGE,0.0029621
1449,2020-02-17,DOGE,0.0027561
1450,2020-02-18,DOGE,0.0028656
1451,2020-02-19,DOGE,0.0028615
1452,2020-02-20,DOGE,0.0029909
1453,2020-02-21,DOGE,0.002712
1454,2020-02-22,DOGE,0.0026533
1455,2020-02-23,DOGE,0.00268
1456,2020-02-24,DOGE,0.0026822
1457,2020-02-25,DOGE,0.0025831
1458,2020-02-26,DOGE,0.0024864
1459,2020-02-27,DOGE,0.0024164
1460,2020-02-28,DOGE,0.00237
1461,2020-02-29,DOGE,0.0023197
1462,2020-03-01,DOGE,0.00231
1463,2020-03-02,DOGE,0.0023792
1464,2020-03-03,DOGE,0.0025355
1465,2020-03-04,DOGE,0.0025033
1466,2020-03-05,DOGE,0.00253
1467,2020-03-06,DOGE,0.0024999
1468,2020-03-07,DOGE,0.002494
1469,2020-03-08,DOGE,0.0024039
1470,2020-03-09,DOGE,0.0022269
1471,2020-03-10,DOGE,0.0022641
1472,2020-03-11,DOGE,0.0022181
1473,2020-03-12,DOGE,0.0021805
1474,2020-03-13,DOGE,0.0017957
1475,2020-03-14,DOGE,0.0017771
1476,2020-03-15,DOGE,0.0018329
1477,2020-03-16,DOGE,0.0017
1478,2020-03-17,DOGE,0.0016873
1479,2020-03-18,DOGE,0.0016428
1480,2020-03-19,DOGE,0.0018395
1481,2020-03-20,DOGE,0.0019361
1482,2020-03-21,DOGE,0.0018533
1483,2020-03-22,DOGE,0.0018447
1484,2020-03-23,DOGE,0.0018576
1485,2020-03-24,DOGE,0.001916
1486,2020-03-25,DOGE,0.0018947
1487,2020-03-26,DOGE,0.0018673
1488,2020-03-27,DOGE,0.00187
1489,2020-03-28,DOGE,0.001809
1490,2020-03-29,DOGE,0.0018001
1491,2020-03-30,DOGE,0.0019
1492,2020-03-31,DOGE,0.0018286
1493,2020-04-01,DOGE,0.0018743
1494,2020-04-02,DOGE,0.00195
1495,2020-04-03,DOGE,0.0019048
1496,2020-04-04,DOGE,0.0019085
1497,2020-04-05,DOGE,0.0018817
1498,2020-04-06,DOGE,0.0019901
1499,2020-04-07,DOGE,0.0020209
1500,2020-04-08,DOGE,0.0020426
1501,2020-04-09,DOGE,0.0020454
1502,2020-04-10,DOGE,0.0020356
1503,2020-04-11,DOGE,0.00201
1504,2020-04-12,DOGE,0.002012
1505,2020-04-13,DOGE,0.001976
1506,2020-04-14,DOGE,0.001977
1507,2020-04-15,DOGE,0.0019731
1508,2020-04-16,DOGE,0.00203
1509,2020-04-17,DOGE,0.0020047
1510,2020-04-18,DOGE,0.0020962
1511,2020-04-19,DOGE,0.0020722
1512,2020-04-20,DOGE,0.0020499
1513,2020-04-21,DOGE,0.002
1514,2020-04-22,DOGE,0.00205
1515,2020-04-23,DOGE,0.0021612
1516,2020-04-24,DOGE,0.0021075
1517,2020-04-25,DOGE,0.0021533
1518,2020-04-26,DOGE,0.0024479
1519,2020-04-27,DOGE,0.0024137
1520,2020-04-28,DOGE,0.0023565
1521,2020-04-29,DOGE,0.002542
1522,2020-04-30,DOGE,0.0026904
1523,2020-05-01,DOGE,0.0025466
1524,2020-05-02,DOGE,0.0025574
1525,2020-05-03,DOGE,0.00258
1526,2020-05-04,DOGE,0.0025094
1527,2020-05-05,DOGE,0.0025183
1528,2020-05-06,DOGE,0.0025623
1529,2020-05-07,DOGE,0.0026975
1530,2020-05-08,DOGE,0.0026894
1531,2020-05-09,DOGE,0.0026453
1532,2020-05-10,DOGE,0.0025986
1533,2020-05-11,DOGE,0.0025373
1534,2020-05-12,DOGE,0.0025132
1535,2020-05-13,DOGE,0.0025425
1536,2020-05-14,DOGE,0.00265
1537,2020-05-15,DOGE,0.0025828
1538,2020-05-16,DOGE,0.0025345
1539,2020-05-17,DOGE,0.00258
1540,2020-05-18,DOGE,0.0025899
1541,2020-05-19,DOGE,0.0025775
1542,2020-05-20,DOGE,0.002566
1543,2020-05-21,DOGE,0.0025514
1544,2020-05-22,DOGE,0.00255
1545,2020-05-23,DOGE,0.0025631
1546,2020-05-24,DOGE,0.002563
1547,2020-05-25,DOGE,0.002548
1548,2020-05-26,DOGE,0.0025329
1549,2020-05-27,DOGE,0.0025186
1550,2020-05-28,DOGE,0.0025599
1551,2020-05-29,DOGE,0.0025533
1552,2020-05-30,DOGE,0.0026299
1553,2020-05-31,DOGE,0.0026822
1554,2020-06-01,DOGE,0.0027
1555,2020-06-02,DOGE,0.0026647
1556,2020-06-03,DOGE,0.002596
1557,2020-06-04,DOGE,0.0026679
1558,2020-06-05,DOGE,0.0026288
1559,2020-06-06,DOGE,0.0025999
1560,2020-06-07,DOGE,0.0026135
1561,2020-06-08,DOGE,0.0026038
1562,2020-06-09,DOGE,0.0025888
1563,2020-06-10,DOGE,0.0025953
1564,2020-06-11,DOGE,0.0025938
1565,2020-06-12,DOGE,0.002525
1566,2020-06-13,DOGE,0.0025338
1567,2020-06-14,DOGE,0.0025319
1568,2020-06-15,DOGE,0.0024941
1569,2020-06-16,DOGE,0.0024999
1570,2020-06-17,DOGE,0.0025024
1571,2020-06-18,DOGE,0.0024919
1572,2020-06-19,DOGE,0.002468
1573,2020-06-20,DOGE,0.0024516
1574,2020-06-21,DOGE,0.0024658
1575,2020-06-22,DOGE,0.0025001
1576,2020-06-23,DOGE,0.0024909
1577,2020-06-24,DOGE,0.0024867
1578,2020-06-25,DOGE,0.0024288
1579,2020-06-26,DOGE,0.002417
1580,2020-06-27,DOGE,0.0023635
1581,2020-06-28,DOGE,0.0023459
1582,2020-06-29,DOGE,0.00233
1583,2020-06-30,DOGE,0.0023257
1584,2020-07-01,DOGE,0.0023709
1585,2020-07-02,DOGE,0.0023498
1586,2020-07-03,DOGE,0.0023345
1587,2020-07-04,DOGE,0.0023312
1588,2020-07-05,DOGE,0.002319
1589,2020-07-06,DOGE,0.002622
1590,2020-07-07,DOGE,0.0032953
1591,2020-07-08,DOGE,0.0055999
1592,2020-07-09,DOGE,0.0050594
1593,2020-07-10,DOGE,0.0043334
1594,2020-07-11,DOGE,0.0039634
1595,2020-07-12,DOGE,0.0038501
1596,2020-07-13,DOGE,0.0036408
1597,2020-07-14,DOGE,0.00339
1598,2020-07-15,DOGE,0.0032911
1599,2020-07-16,DOGE,0.003096
1600,2020-07-17,DOGE,0.00309
1601,2020-07-18,DOGE,0.00368
1602,2020-07-19,DOGE,0.0037789
1603,2020-07-20,DOGE,0.0034315
1604,2020-07-21,DOGE,0.0033659
1605,2020-07-22,DOGE,0.003305
1606,2020-07-23,DOGE,0.003337
1607,2020-07-24,DOGE,0.0033114
1608,2020-07-25,DOGE,0.0033433
1609,2020-07-26,DOGE,0.0032898
1610,2020-07-27,DOGE,0.0032441
1611,2020-07-28,DOGE,0.003225
1612,2020-07-29,DOGE,0.0033
1613,2020-07-30,DOGE,0.00325
1614,2020-07-31,DOGE,0.0032412
1615,2020-08-01,DOGE,0.0039
1616,2020-08-02,DOGE,0.0037754
1617,2020-08-03,DOGE,0.0034468
1618,2020-08-04,DOGE,0.0035746
1619,2020-08-05,DOGE,0.0035871
1620,2020-08-06,DOGE,0.00365
1621,2020-08-07,DOGE,0.003617
1622,2020-08-08,DOGE,0.0035249
1623,2020-08-09,DOGE,0.00353
1624,2020-08-10,DOGE,0.0035559
1625,2020-08-11,DOGE,0.0035778
1626,2020-08-12,DOGE,0.0034965
1627,2020-08-13,DOGE,0.0035208
1628,2020-08-14,DOGE,0.00359
1629,2020-08-15,DOGE,0.0036243
1630,2020-08-16,DOGE,0.0035583
1631,2020-08-17,DOGE,0.0037238
1632,2020-08-18,DOGE,0.0037165
1633,2020-08-19,DOGE,0.0035374
1634,2020-08-20,DOGE,0.0035043
1635,2020-08-21,DOGE,0.0035651
1636,2020-08-22,DOGE,0.0034605
1637,2020-08-23,DOGE,0.0034562
1638,2020-08-24,DOGE,0.0034689
1639,2020-08-25,DOGE,0.0034261
1640,2020-08-26,DOGE,0.0033461
1641,2020-08-27,DOGE,0.0033078
1642,2020-08-28,DOGE,0.0032687
1643,2020-08-29,DOGE,0.0032973
1644,2020-08-30,DOGE,0.003348
1645,2020-08-31,DOGE,0.0033054
1646,2020-09-01,DOGE,0.0032784
1647,2020-09-02,DOGE,0.0032626
1648,2020-09-03,DOGE,0.0031265
1649,2020-09-04,DOGE,0.0029632
1650,2020-09-05,DOGE,0.0029269
1651,2020-09-06,DOGE,0.0028068
1652,2020-09-07,DOGE,0.0028373
1653,2020-09-08,DOGE,0.0028386
1654,2020-09-09,DOGE,0.002805
1655,2020-09-10,DOGE,0.002848
1656,2020-09-11,DOGE,0.00282
1657,2020-09-12,DOGE,0.0028321
1658,2020-09-13,DOGE,0.0028199
1659,2020-09-14,DOGE,0.0028143
1660,2020-09-15,DOGE,0.0028699
1661,2020-09-16,DOGE,0.00285
1662,2020-09-17,DOGE,0.0028577
1663,2020-09-18,DOGE,0.002815
1664,2020-09-19,DOGE,0.0028099
1665,2020-09-20,DOGE,0.0028009
1666,2020-09-21,DOGE,0.0028035
1667,2020-09-22,DOGE,0.0026588
1668,2020-09-23,DOGE,0.0026493
1669,2020-09-24,DOGE,0.0026612
1670,2020-09-25,DOGE,0.0027192
1671,2020-09-26,DOGE,0.002761
1672,2020-09-27,DOGE,0.0027351
1673,2020-09-28,DOGE,0.002744
1674,2020-09-29,DOGE,0.0027049
1675,2020-09-30,DOGE,0.0026767
1676,2020-10-01,DOGE,0.002682
1677,2020-10-02,DOGE,0.0026273
1678,2020-10-03,DOGE,0.002637
1679,2020-10-04,DOGE,0.00268
1680,2020-10-05,DOGE,0.0026577
1681,2020-10-06,DOGE,0.0026285
1682,2020-10-07,DOGE,0.0026111
1683,2020-10-08,DOGE,0.00263
1684,2020-10-09,DOGE,0.0026701
1685,2020-10-10,DOGE,0.0027291
1686,2020-10-11,DOGE,0.0027065
1687,2020-10-12,DOGE,0.0027069
1688,2020-10-13,DOGE,0.0026745
1689,2020-10-14,DOGE,0.0026609
1690,2020-10-15,DOGE,0.0026391
1691,2020-10-16,DOGE,0.0026243
1692,2020-10-17,DOGE,0.0026091
1693,2020-10-18,DOGE,0.0026055
1694,2020-10-19,DOGE,0.002622
1695,2020-10-20,DOGE,0.0026252
1696,2020-10-21,DOGE,0.00266
1697,2020-10-22,DOGE,0.002693
1698,2020-10-23,DOGE,0.0026889
1699,2020-10-24,DOGE,0.002647
1700,2020-10-25,DOGE,0.0026749
1701,2020-10-26,DOGE,0.0029115
1702,2020-10-27,DOGE,0.0027076
1703,2020-10-28,DOGE,0.0026907
1704,2020-10-29,DOGE,0.0026117
1705,2020-10-30,DOGE,0.0026002
1706,2020-10-31,DOGE,0.0026004
1707,2020-11-01,DOGE,0.002586
1708,2020-11-02,DOGE,0.0025887
1709,2020-11-03,DOGE,0.002531
1710,2020-11-04,DOGE,0.002565
1711,2020-11-05,DOGE,0.0026769
1712,2020-11-06,DOGE,0.0028201
1713,2020-11-07,DOGE,0.0028424
1714,2020-11-08,DOGE,0.002739
1715,2020-11-09,DOGE,0.0028095
1716,2020-11-10,DOGE,0.0029198
1717,2020-11-11,DOGE,0.00295
1718,2020-11-12,DOGE,0.002802
1719,2020-11-13,DOGE,0.0028483
1720,2020-11-14,DOGE,0.0028239
1721,2020-11-15,DOGE,0.0028285
1722,2020-11-16,DOGE,0.0030452
1723,2020-11-17,DOGE,0.0030094
1724,2020-11-18,DOGE,0.003021
1725,2020-11-19,DOGE,0.0029689
1726,2020-11-20,DOGE,0.0030245
1727,2020-11-21,DOGE,0.0036062
1728,2020-11-22,DOGE,0.00369
1729,2020-11-23,DOGE,0.0037
1730,2020-11-24,DOGE,0.0042925
1731,2020-11-25,DOGE,0.0042978
1732,2020-11-26,DOGE,0.0037979
1733,2020-11-27,DOGE,0.0033656
1734,2020-11-28,DOGE,0.0034841
1735,2020-11-29,DOGE,0.0035384
1736,2020-11-30,DOGE,0.0035955
1737,2020-12-01,DOGE,0.00358
1738,2020-12-02,DOGE,0.0034423
1739,2020-12-03,DOGE,0.0035481
1740,2020-12-04,DOGE,0.0034484
1741,2020-12-05,DOGE,0.0034153
1742,2020-12-06,DOGE,0.0034424
1743,2020-12-07,DOGE,0.0033985
1744,2020-12-08,DOGE,0.0033624
1745,2020-12-09,DOGE,0.0031851
1746,2020-12-10,DOGE,0.003171
1747,2020-12-11,DOGE,0.0031171
1748,2020-12-12,DOGE,0.00319
1749,2020-12-13,DOGE,0.0032776
1750,2020-12-14,DOGE,0.0032888
1751,2020-12-15,DOGE,0.0032516
1752,2020-12-16,DOGE,0.0034448
1753,2020-12-17,DOGE,0.0041458
1754,2020-12-18,DOGE,0.0039976
1755,2020-12-19,DOGE,0.0040379
1756,2020-12-20,DOGE,0.0047496
1757,2020-12-21,DOGE,0.0055
1758,2020-12-22,DOGE,0.0048479
1759,2020-12-23,DOGE,0.0048
1760,2020-12-24,DOGE,0.0045999
1761,2020-12-25,DOGE,0.004643
1762,2020-12-26,DOGE,0.0046879
1763,2020-12-27,DOGE,0.0048231
1764,2020-12-28,DOGE,0.0047355
1765,2020-12-29,DOGE,0.0046295
1766,2020-12-30,DOGE,0.00474
1767,2020-12-31,DOGE,0.0047593
1768,2021-01-01,DOGE,0.005697
1769,2021-01-02,DOGE,0.013988
1770,2021-01-03,DOGE,0.01405
1771,2021-01-04,DOGE,0.0115198
1772,2021-01-05,DOGE,0.0102822
1773,2021-01-06,DOGE,0.011
1774,2021-01-07,DOGE,0.0105735
1775,2021-01-08,DOGE,0.010318
1776,2021-01-09,DOGE,0.01079
1777,2021-01-10,DOGE,0.0109155
1778,2021-01-11,DOGE,0.0098455
1779,2021-01-12,DOGE,0.0091394
1780,2021-01-13,DOGE,0.0087
1781,2021-01-14,DOGE,0.0101
1782,2021-01-15,DOGE,0.0098443
1783,2021-01-16,DOGE,0.0095675
1784,2021-01-17,DOGE,0.0093957
1785,2021-01-18,DOGE,0.00932
1786,2021-01-19,DOGE,0.0096757
1787,2021-01-20,DOGE,0.009144
1788,2021-01-21,DOGE,0.0091
1789,2021-01-22,DOGE,0.0087708
1790,2021-01-23,DOGE,0.0088324
1791,2021-01-24,DOGE,0.0089672
1792,2021-01-25,DOGE,0.0089172
1793,2021-01-26,DOGE,0.0084615
1794,2021-01-27,DOGE,0.0082482
1795,2021-01-28,DOGE,0.0374849
1796,2021-01-29,DOGE,0.0875
1797,2021-01-30,DOGE,0.0508804
1798,2021-01-31,DOGE,0.0494843
1799,2021-02-01,DOGE,0.0438268
1800,2021-02-02,DOGE,0.035294
1801,2021-02-03,DOGE,0.0397836
1802,2021-02-04,DOGE,0.0598
1803,2021-02-05,DOGE,0.05434
1804,2021-02-06,DOGE,0.0588683
1805,2021-02-07,DOGE,0.087297
1806,2021-02-08,DOGE,0.0853555
1807,2021-02-09,DOGE,0.0838001
1808,2021-02-10,DOGE,0.0816496
1809,2021-02-11,DOGE,0.0755622
1810,2021-02-12,DOGE,0.07298
1811,2021-02-13,DOGE,0.071709
1812,2021-02-14,DOGE,0.0664663
1813,2021-02-15,DOGE,0.0642
1814,2021-02-16,DOGE,0.0598452
1815,2021-02-17,DOGE,0.055109
1816,2021-02-18,DOGE,0.0645617
1817,2021-02-19,DOGE,0.059719
1818,2021-02-20,DOGE,0.0607
1819,2021-02-21,DOGE,0.06
1820,2021-02-22,DOGE,0.0608037
1821,2021-02-23,DOGE,0.0538776
1822,2021-02-24,DOGE,0.060586
1823,2021-02-25,DOGE,0.0581
1824,2021-02-26,DOGE,0.0526032
1825,2021-02-27,DOGE,0.0521
1826,2021-02-28,DOGE,0.0502426
1827,2021-03-01,DOGE,0.052505
1828,2021-03-02,DOGE,0.05249
1829,2021-03-03,DOGE,0.0521972
1830,2021-03-04,DOGE,0.0511539
1831,2021-03-05,DOGE,0.051079
1832,2021-03-06,DOGE,0.0525801
1833,2021-03-07,DOGE,0.0524716
1834,2021-03-08,DOGE,0.063075
1835,2021-03-09,DOGE,0.0630025
1836,2021-03-10,DOGE,0.0587592
1837,2021-03-11,DOGE,0.05698
1838,2021-03-12,DOGE,0.057
1839,2021-03-13,DOGE,0.063
1840,2021-03-14,DOGE,0.0636789
1841,2021-03-15,DOGE,0.0597745
1842,2021-03-16,DOGE,0.0591427
1843,2021-03-17,DOGE,0.0589584
1844,2021-03-18,DOGE,0.0592896
1845,2021-03-19,DOGE,0.0599
1846,2021-03-20,DOGE,0.060625
1847,2021-03-21,DOGE,0.0595555
1848,2021-03-22,DOGE,0.0579777
1849,2021-03-23,DOGE,0.0561052
1850,2021-03-24,DOGE,0.0567995
1851,2021-03-25,DOGE,0.0524498
1852,2021-03-26,DOGE,0.054038
1853,2021-03-27,DOGE,0.05545
1854,2021-03-28,DOGE,0.0549
1855,2021-03-29,DOGE,0.0547123
1856,2021-03-30,DOGE,0.0556267
1857,2021-03-31,DOGE,0.0545
1858,2021-04-01,DOGE,0.07135
1859,2021-04-02,DOGE,0.062905
1860,2021-04-03,DOGE,0.0595516
1861,2021-04-04,DOGE,0.0582181
1862,2021-04-05,DOGE,0.0607069
1863,2021-04-06,DOGE,0.066
1864,2021-04-07,DOGE,0.06744
1865,2021-04-08,DOGE,0.062324
1866,2021-04-09,DOGE,0.0642733
1867,2021-04-10,DOGE,0.0657518
1868,2021-04-11,DOGE,0.08
1869,2021-04-12,DOGE,0.0754791
1870,2021-04-13,DOGE,0.0962255
1871,2021-04-14,DOGE,0.1453955
1872,2021-04-15,DOGE,0.1918922
1873,2021-04-16,DOGE,0.45
1874,2021-04-17,DOGE,0.38125
1875,2021-04-18,DOGE,0.351
1876,2021-04-19,DOGE,0.435546
1877,2021-04-20,DOGE,0.4246216
1878,2021-04-21,DOGE,0.347661
1879,2021-04-22,DOGE,0.3093988
1880,2021-04-23,DOGE,0.2695
1881,2021-04-24,DOGE,0.28999
1882,2021-04-25,DOGE,0.289296
1883,2021-04-26,DOGE,0.28077
1884,2021-04-27,DOGE,0.27994
1885,2021-04-28,DOGE,0.348
1886,2021-04-29,DOGE,0.32604
1887,2021-04-30,DOGE,0.34
1888,2021-05-01,DOGE,0.3975
1889,2021-05-02,DOGE,0.39999
1890,2021-05-03,DOGE,0.4479
1891,2021-05-04,DOGE,0.61186
1892,2021-05-05,DOGE,0.69663
1893,2021-05-06,DOGE,0.665
1894,2021-05-07,DOGE,0.733
1895,2021-05-08,DOGE,0.73995
1896,2021-05-09,DOGE,0.70009
1897,2021-05-10,DOGE,0.5726
1898,2021-05-11,DOGE,0.5485
1899,2021-05-12,DOGE,0.522
1900,2021-05-13,DOGE,0.52
1901,2021-05-14,DOGE,0.59
1902,2021-05-15,DOGE,0.56405
1903,2021-05-16,DOGE,0.5489
1904,2021-05-17,DOGE,0.5162
1905,2021-05-18,DOGE,0.51536
1906,2021-05-19,DOGE,0.4794
1907,2021-05-20,DOGE,0.435
1908,2021-05-21,DOGE,0.41198
1909,2021-05-22,DOGE,0.364
1910,2021-05-23,DOGE,0.35094
1911,2021-05-24,DOGE,0.375
1912,2021-05-25,DOGE,0.38
1913,2021-05-26,DOGE,0.36671
1914,2021-05-27,DOGE,0.35309
1915,2021-05-28,DOGE,0.34754
1916,2021-05-29,DOGE,0.31794
1917,2021-05-30,DOGE,0.31079
1918,2021-05-31,DOGE,0.32991
1919,2021-06-01,DOGE,0.38476
1920,2021-06-02,DOGE,0.44834
1921,2021-06-03,DOGE,0.442
1922,2021-06-04,DOGE,0.40249
1923,2021-06-05,DOGE,0.395
1924,2021-06-06,DOGE,0.37703
1925,2021-06-07,DOGE,0.37999
1926,2021-06-08,DOGE,0.34183
1927,2021-06-09,DOGE,0.3548
1928,2021-06-10,DOGE,0.34515
1929,2021-06-11,DOGE,0.3338
1930,2021-06-12,DOGE,0.31932
1931,2021-06-13,DOGE,0.33
1932,2021-06-14,DOGE,0.33777
1933,2021-06-15,DOGE,0.33069
1934,2021-06-16,DOGE,0.32146
1935,2021-06-17,DOGE,0.31413
1936,2021-06-18,DOGE,0.30766
1937,2021-06-19,DOGE,0.29791
1938,2021-06-20,DOGE,0.28988
1939,2021-06-21,DOGE,0.28138
1940,2021-06-22,DOGE,0.2174
1941,2021-06-23,DOGE,0.2485
1942,2021-06-24,DOGE,0.26953
1943,2021-06-25,DOGE,0.28959
1944,2021-06-26,DOGE,0.2554
1945,2021-06-27,DOGE,0.26753
1946,2021-06-28,DOGE,0.26735
1947,2021-06-29,DOGE,0.27573
1948,2021-06-30,DOGE,0.26391
1949,2021-07-01,DOGE,0.2614
1950,2018-10-31,XRP,0.46097
1951,2018-11-01,XRP,0.462
1952,2018-11-02,XRP,0.46899
1953,2018-11-03,XRP,0.46449
1954,2018-11-04,XRP,0.47959
1955,2018-11-05,XRP,0.50644
1956,2018-11-06,XRP,0.56878
1957,2018-11-07,XRP,0.5555
1958,2018-11-08,XRP,0.5468
1959,2018-11-09,XRP,0.5227
1960,2018-11-10,XRP,0.51748
1961,2018-11-11,XRP,0.51233
1962,2018-11-12,XRP,0.53499
1963,2018-11-13,XRP,0.53464
1964,2018-11-14,XRP,0.52012
1965,2018-11-15,XRP,0.4947
1966,2018-11-16,XRP,0.49568
1967,2018-11-17,XRP,0.505
1968,2018-11-18,XRP,0.532
1969,2018-11-19,XRP,0.51695
1970,2018-11-20,XRP,0.50865
1971,2018-11-21,XRP,0.46947
1972,2018-11-22,XRP,0.45785
1973,2018-11-23,XRP,0.44376
1974,2018-11-24,XRP,0.42878
1975,2018-11-25,XRP,0.39639
1976,2018-11-26,XRP,0.39999
1977,2018-11-27,XRP,0.376
1978,2018-11-28,XRP,0.40319
1979,2018-11-29,XRP,0.395
1980,2018-11-30,XRP,0.38331
1981,2018-12-01,XRP,0.379
1982,2018-12-02,XRP,0.3799
1983,2018-12-03,XRP,0.371
1984,2018-12-04,XRP,0.36255
1985,2018-12-05,XRP,0.361
1986,2018-12-06,XRP,0.3455
1987,2018-12-07,XRP,0.312
1988,2018-12-08,XRP,0.325
1989,2018-12-09,XRP,0.31965
1990,2018-12-10,XRP,0.31377
1991,2018-12-11,XRP,0.31
1992,2018-12-12,XRP,0.31064
1993,2018-12-13,XRP,0.30569
1994,2018-12-14,XRP,0.3008
1995,2018-12-15,XRP,0.29149
1996,2018-12-16,XRP,0.2954
1997,2018-12-17,XRP,0.337
1998,2018-12-18,XRP,0.3498
1999,2018-12-19,XRP,0.39265
2000,2018-12-20,XRP,0.38368
2001,2018-12-21,XRP,0.383
2002,2018-12-22,XRP,0.36
2003,2018-12-23,XRP,0.37784
2004,2018-12-24,XRP,0.45
2005,2018-12-25,XRP,0.40399
2006,2018-12-26,XRP,0.38942
2007,2018-12-27,XRP,0.375
2008,2018-12-28,XRP,0.37559
2009,2018-12-29,XRP,0.37913
2010,2018-12-30,XRP,0.36578
2011,2018-12-31,XRP,0.36932
2012,2019-01-01,XRP,0.36111
2013,2019-01-02,XRP,0.3745
2014,2019-01-03,XRP,0.3691
2015,2019-01-04,XRP,0.358
2016,2019-01-05,XRP,0.35981
2017,2019-01-06,XRP,0.36446
2018,2019-01-07,XRP,0.37218
2019,2019-01-08,XRP,0.36796
2020,2019-01-09,XRP,0.36919
2021,2019-01-10,XRP,0.37963
2022,2019-01-11,XRP,0.33418
2023,2019-01-12,XRP,0.32977
2024,2019-01-13,XRP,0.32953
2025,2019-01-14,XRP,0.33593
2026,2019-01-15,XRP,0.33176
2027,2019-01-16,XRP,0.33196
2028,2019-01-17,XRP,0.3284
2029,2019-01-18,XRP,0.32548
2030,2019-01-19,XRP,0.3325
2031,2019-01-20,XRP,0.32861
2032,2019-01-21,XRP,0.32163
2033,2019-01-22,XRP,0.3202
2034,2019-01-23,XRP,0.31933
2035,2019-01-24,XRP,0.31795
2036,2019-01-25,XRP,0.31698
2037,2019-01-26,XRP,0.31887
2038,2019-01-27,XRP,0.31409
2039,2019-01-28,XRP,0.30767
2040,2019-01-29,XRP,0.294
2041,2019-01-30,XRP,0.32646
2042,2019-01-31,XRP,0.3358
2043,2019-02-01,XRP,0.31197
2044,2019-02-02,XRP,0.31377
2045,2019-02-03,XRP,0.31215
2046,2019-02-04,XRP,0.30566
2047,2019-02-05,XRP,0.30225
2048,2019-02-06,XRP,0.30101
2049,2019-02-07,XRP,0.29469
2050,2019-02-08,XRP,0.32129
2051,2019-02-09,XRP,0.3164
2052,2019-02-10,XRP,0.31286
2053,2019-02-11,XRP,0.3103
2054,2019-02-12,XRP,0.30842
2055,2019-02-13,XRP,0.31373
2056,2019-02-14,XRP,0.30556
2057,2019-02-15,XRP,0.30646
2058,2019-02-16,XRP,0.30408
2059,2019-02-17,XRP,0.308
2060,2019-02-18,XRP,0.32862
2061,2019-02-19,XRP,0.34777
2062,2019-02-20,XRP,0.33476
2063,2019-02-21,XRP,0.33297
2064,2019-02-22,XRP,0.32333
2065,2019-02-23,XRP,0.33395
2066,2019-02-24,XRP,0.34345
2067,2019-02-25,XRP,0.33975
2068,2019-02-26,XRP,0.33502
2069,2019-02-27,XRP,0.31874
2070,2019-02-28,XRP,0.31771
2071,2019-03-01,XRP,0.32354
2072,2019-03-02,XRP,0.31819
2073,2019-03-03,XRP,0.31542
2074,2019-03-04,XRP,0.31222
2075,2019-03-05,XRP,0.31787
2076,2019-03-06,XRP,0.32186
2077,2019-03-07,XRP,0.31936
2078,2019-03-08,XRP,0.316
2079,2019-03-09,XRP,0.319
2080,2019-03-10,XRP,0.31705
2081,2019-03-11,XRP,0.315
2082,2019-03-12,XRP,0.31204
2083,2019-03-13,XRP,0.32555
2084,2019-03-14,XRP,0.31654
2085,2019-03-15,XRP,0.31678
2086,2019-03-16,XRP,0.323
2087,2019-03-17,XRP,0.31892
2088,2019-03-18,XRP,0.32
2089,2019-03-19,XRP,0.3166
2090,2019-03-20,XRP,0.32275
2091,2019-03-21,XRP,0.31915
2092,2019-03-22,XRP,0.31262
2093,2019-03-23,XRP,0.31264
2094,2019-03-24,XRP,0.31186
2095,2019-03-25,XRP,0.308
2096,2019-03-26,XRP,0.30384
2097,2019-03-27,XRP,0.31097
2098,2019-03-28,XRP,0.31012
2099,2019-03-29,XRP,0.31042
2100,2019-03-30,XRP,0.31834
2101,2019-03-31,XRP,0.31168
2102,2019-04-01,XRP,0.31455
2103,2019-04-02,XRP,0.35571
2104,2019-04-03,XRP,0.3705
2105,2019-04-04,XRP,0.34669
2106,2019-04-05,XRP,0.37999
2107,2019-04-06,XRP,0.36224
2108,2019-04-07,XRP,0.367
2109,2019-04-08,XRP,0.37012
2110,2019-04-09,XRP,0.35574
2111,2019-04-10,XRP,0.3578
2112,2019-04-11,XRP,0.35377
2113,2019-04-12,XRP,0.3282
2114,2019-04-13,XRP,0.3359
2115,2019-04-14,XRP,0.33
2116,2019-04-15,XRP,0.33184
2117,2019-04-16,XRP,0.325
2118,2019-04-17,XRP,0.341
2119,2019-04-18,XRP,0.34671
2120,2019-04-19,XRP,0.33537
2121,2019-04-20,XRP,0.33241
2122,2019-04-21,XRP,0.32815
2123,2019-04-22,XRP,0.3306
2124,2019-04-23,XRP,0.32647
2125,2019-04-24,XRP,0.31989
2126,2019-04-25,XRP,0.30581
2127,2019-04-26,XRP,0.30491
2128,2019-04-27,XRP,0.30499
2129,2019-04-28,XRP,0.30278
2130,2019-04-29,XRP,0.30161
2131,2019-04-30,XRP,0.31249
2132,2019-05-01,XRP,0.31
2133,2019-05-02,XRP,0.30478
2134,2019-05-03,XRP,0.31053
2135,2019-05-04,XRP,0.31856
2136,2019-05-05,XRP,0.305
2137,2019-05-06,XRP,0.30751
2138,2019-05-07,XRP,0.30726
2139,2019-05-08,XRP,0.30275
2140,2019-05-09,XRP,0.30198
2141,2019-05-10,XRP,0.30198
2142,2019-05-11,XRP,0.3372
2143,2019-05-12,XRP,0.32992
2144,2019-05-13,XRP,0.329
2145,2019-05-14,XRP,0.4362
2146,2019-05-15,XRP,0.467
2147,2019-05-16,XRP,0.479
2148,2019-05-17,XRP,0.42394
2149,2019-05-18,XRP,0.39598
2150,2019-05-19,XRP,0.42796
2151,2019-05-20,XRP,0.41647
2152,2019-05-21,XRP,0.40738
2153,2019-05-22,XRP,0.4111
2154,2019-05-23,XRP,0.38269
2155,2019-05-24,XRP,0.39375
2156,2019-05-25,XRP,0.393
2157,2019-05-26,XRP,0.41368
2158,2019-05-27,XRP,0.44645
2159,2019-05-28,XRP,0.4611
2160,2019-05-29,XRP,0.45701
2161,2019-05-30,XRP,0.4735
2162,2019-05-31,XRP,0.4408
2163,2019-06-01,XRP,0.44169
2164,2019-06-02,XRP,0.44695
2165,2019-06-03,XRP,0.465
2166,2019-06-04,XRP,0.41934
2167,2019-06-05,XRP,0.40597
2168,2019-06-06,XRP,0.427
2169,2019-06-07,XRP,0.43003
2170,2019-06-08,XRP,0.42222
2171,2019-06-09,XRP,0.41043
2172,2019-06-10,XRP,0.40346
2173,2019-06-11,XRP,0.40195
2174,2019-06-12,XRP,0.402
2175,2019-06-13,XRP,0.40804
2176,2019-06-14,XRP,0.40364
2177,2019-06-15,XRP,0.41213
2178,2019-06-16,XRP,0.44098
2179,2019-06-17,XRP,0.46311
2180,2019-06-18,XRP,0.45499
2181,2019-06-19,XRP,0.43852
2182,2019-06-20,XRP,0.43592
2183,2019-06-21,XRP,0.45
2184,2019-06-22,XRP,0.50999
2185,2019-06-23,XRP,0.49298
2186,2019-06-24,XRP,0.47585
2187,2019-06-25,XRP,0.47654
2188,2019-06-26,XRP,0.4968
2189,2019-06-27,XRP,0.47176
2190,2019-06-28,XRP,0.4272
2191,2019-06-29,XRP,0.43
2192,2019-06-30,XRP,0.42859
2193,2019-07-01,XRP,0.42298
2194,2019-07-02,XRP,0.41125
2195,2019-07-03,XRP,0.40666
2196,2019-07-04,XRP,0.4052
2197,2019-07-05,XRP,0.38825
2198,2019-07-06,XRP,0.4099
2199,2019-07-07,XRP,0.4007
2200,2019-07-08,XRP,0.403
2201,2019-07-09,XRP,0.40725
2202,2019-07-10,XRP,0.39646
2203,2019-07-11,XRP,0.36285
2204,2019-07-12,XRP,0.34988
2205,2019-07-13,XRP,0.34439
2206,2019-07-14,XRP,0.33549
2207,2019-07-15,XRP,0.32376
2208,2019-07-16,XRP,0.32032
2209,2019-07-17,XRP,0.32365
2210,2019-07-18,XRP,0.327
2211,2019-07-19,XRP,0.32215
2212,2019-07-20,XRP,0.34094
2213,2019-07-21,XRP,0.33501
2214,2019-07-22,XRP,0.33259
2215,2019-07-23,XRP,0.32135
2216,2019-07-24,XRP,0.31905
2217,2019-07-25,XRP,0.323
2218,2019-07-26,XRP,0.32514
2219,2019-07-27,XRP,0.32621
2220,2019-07-28,XRP,0.31478
2221,2019-07-29,XRP,0.31478
2222,2019-07-30,XRP,0.32213
2223,2019-07-31,XRP,0.32348
2224,2019-08-01,XRP,0.3199
2225,2019-08-02,XRP,0.31785
2226,2019-08-03,XRP,0.31747
2227,2019-08-04,XRP,0.32298
2228,2019-08-05,XRP,0.331
2229,2019-08-06,XRP,0.32421
2230,2019-08-07,XRP,0.31688
2231,2019-08-08,XRP,0.31204
2232,2019-08-09,XRP,0.30921
2233,2019-08-10,XRP,0.30562
2234,2019-08-11,XRP,0.30605
2235,2019-08-12,XRP,0.30536
2236,2019-08-13,XRP,0.30129
2237,2019-08-14,XRP,0.29864
2238,2019-08-15,XRP,0.2707
2239,2019-08-16,XRP,0.26526
2240,2019-08-17,XRP,0.26953
2241,2019-08-18,XRP,0.2919
2242,2019-08-19,XRP,0.29035
2243,2019-08-20,XRP,0.28234
2244,2019-08-21,XRP,0.27448
2245,2019-08-22,XRP,0.27419
2246,2019-08-23,XRP,0.27815
2247,2019-08-24,XRP,0.27726
2248,2019-08-25,XRP,0.27602
2249,2019-08-26,XRP,0.27969
2250,2019-08-27,XRP,0.27065
2251,2019-08-28,XRP,0.26974
2252,2019-08-29,XRP,0.26264
2253,2019-08-30,XRP,0.2576
2254,2019-08-31,XRP,0.26047
2255,2019-09-01,XRP,0.25891
2256,2019-09-02,XRP,0.26428
2257,2019-09-03,XRP,0.267
2258,2019-09-04,XRP,0.26299
2259,2019-09-05,XRP,0.25937
2260,2019-09-06,XRP,0.25868
2261,2019-09-07,XRP,0.26285
2262,2019-09-08,XRP,0.26591
2263,2019-09-09,XRP,0.26423
2264,2019-09-10,XRP,0.26371
2265,2019-09-11,XRP,0.26092
2266,2019-09-12,XRP,0.25686
2267,2019-09-13,XRP,0.256
2268,2019-09-14,XRP,0.26551
2269,2019-09-15,XRP,0.26419
2270,2019-09-16,XRP,0.263
2271,2019-09-17,XRP,0.2985
2272,2019-09-18,XRP,0.32631
2273,2019-09-19,XRP,0.31345
2274,2019-09-20,XRP,0.30159
2275,2019-09-21,XRP,0.298
2276,2019-09-22,XRP,0.28982
2277,2019-09-23,XRP,0.28666
2278,2019-09-24,XRP,0.27317
2279,2019-09-25,XRP,0.24953
2280,2019-09-26,XRP,0.25
2281,2019-09-27,XRP,0.248
2282,2019-09-28,XRP,0.24433
2283,2019-09-29,XRP,0.24261
2284,2019-09-30,XRP,0.26192
2285,2019-10-01,XRP,0.261
2286,2019-10-02,XRP,0.25481
2287,2019-10-03,XRP,0.25305
2288,2019-10-04,XRP,0.25664
2289,2019-10-05,XRP,0.2566
2290,2019-10-06,XRP,0.25634
2291,2019-10-07,XRP,0.28114
2292,2019-10-08,XRP,0.28548
2293,2019-10-09,XRP,0.28693
2294,2019-10-10,XRP,0.28168
2295,2019-10-11,XRP,0.27485
2296,2019-10-12,XRP,0.27729
2297,2019-10-13,XRP,0.28138
2298,2019-10-14,XRP,0.29779
2299,2019-10-15,XRP,0.299
2300,2019-10-16,XRP,0.29219
2301,2019-10-17,XRP,0.3038
2302,2019-10-18,XRP,0.30207
2303,2019-10-19,XRP,0.29952
2304,2019-10-20,XRP,0.29615
2305,2019-10-21,XRP,0.2942
2306,2019-10-22,XRP,0.30278
2307,2019-10-23,XRP,0.29127
2308,2019-10-24,XRP,0.28
2309,2019-10-25,XRP,0.3081
2310,2019-10-26,XRP,0.312
2311,2019-10-27,XRP,0.30213
2312,2019-10-28,XRP,0.3051
2313,2019-10-29,XRP,0.30972
2314,2019-10-30,XRP,0.30636
2315,2019-10-31,XRP,0.29874
2316,2019-11-01,XRP,0.2946
2317,2019-11-02,XRP,0.2975
2318,2019-11-03,XRP,0.29614
2319,2019-11-04,XRP,0.2999
2320,2019-11-05,XRP,0.30443
2321,2019-11-06,XRP,0.31367
2322,2019-11-07,XRP,0.3149
2323,2019-11-08,XRP,0.291
2324,2019-11-09,XRP,0.28156
2325,2019-11-10,XRP,0.284
2326,2019-11-11,XRP,0.28106
2327,2019-11-12,XRP,0.27641
2328,2019-11-13,XRP,0.27563
2329,2019-11-14,XRP,0.27294
2330,2019-11-15,XRP,0.26952
2331,2019-11-16,XRP,0.26444
2332,2019-11-17,XRP,0.266
2333,2019-11-18,XRP,0.26318
2334,2019-11-19,XRP,0.25654
2335,2019-11-20,XRP,0.25861
2336,2019-11-21,XRP,0.25349
2337,2019-11-22,XRP,0.2459
2338,2019-11-23,XRP,0.23541
2339,2019-11-24,XRP,0.23466
2340,2019-11-25,XRP,0.225
2341,2019-11-26,XRP,0.2219
2342,2019-11-27,XRP,0.2295
2343,2019-11-28,XRP,0.22946
2344,2019-11-29,XRP,0.23229
2345,2019-11-30,XRP,0.23192
2346,2019-12-01,XRP,0.2255
2347,2019-12-02,XRP,0.22623
2348,2019-12-03,XRP,0.22182
2349,2019-12-04,XRP,0.22491
2350,2019-12-05,XRP,0.2262
2351,2019-12-06,XRP,0.2268
2352,2019-12-07,XRP,0.228
2353,2019-12-08,XRP,0.232
2354,2019-12-09,XRP,0.23083
2355,2019-12-10,XRP,0.2256
2356,2019-12-11,XRP,0.22365
2357,2019-12-12,XRP,0.22322
2358,2019-12-13,XRP,0.22074
2359,2019-12-14,XRP,0.22086
2360,2019-12-15,XRP,0.21939
2361,2019-12-16,XRP,0.21747
2362,2019-12-17,XRP,0.20568
2363,2019-12-18,XRP,0.2
2364,2019-12-19,XRP,0.19706
2365,2019-12-20,XRP,0.19787
2366,2019-12-21,XRP,0.19617
2367,2019-12-22,XRP,0.19665
2368,2019-12-23,XRP,0.19974
2369,2019-12-24,XRP,0.19413
2370,2019-12-25,XRP,0.19137
2371,2019-12-26,XRP,0.1941
2372,2019-12-27,XRP,0.19015
2373,2019-12-28,XRP,0.19469
2374,2019-12-29,XRP,0.1985
2375,2019-12-30,XRP,0.1979
2376,2019-12-31,XRP,0.19422
2377,2020-01-01,XRP,0.19526
2378,2020-01-02,XRP,0.19304
2379,2020-01-03,XRP,0.19395
2380,2020-01-04,XRP,0.19363
2381,2020-01-05,XRP,0.19722
2382,2020-01-06,XRP,0.22396
2383,2020-01-07,XRP,0.2255
2384,2020-01-08,XRP,0.21836
2385,2020-01-09,XRP,0.20877
2386,2020-01-10,XRP,0.21318
2387,2020-01-11,XRP,0.21994
2388,2020-01-12,XRP,0.21713
2389,2020-01-13,XRP,0.2156
2390,2020-01-14,XRP,0.24526
2391,2020-01-15,XRP,0.24356
2392,2020-01-16,XRP,0.23501
2393,2020-01-17,XRP,0.24453
2394,2020-01-18,XRP,0.25456
2395,2020-01-19,XRP,0.25175
2396,2020-01-20,XRP,0.23672
2397,2020-01-21,XRP,0.242
2398,2020-01-22,XRP,0.23996
2399,2020-01-23,XRP,0.23746
2400,2020-01-24,XRP,0.2263
2401,2020-01-25,XRP,0.22271
2402,2020-01-26,XRP,0.23276
2403,2020-01-27,XRP,0.23393
2404,2020-01-28,XRP,0.24162
2405,2020-01-29,XRP,0.24197
2406,2020-01-30,XRP,0.24669
2407,2020-01-31,XRP,0.24486
2408,2020-02-01,XRP,0.24304
2409,2020-02-02,XRP,0.26163
2410,2020-02-03,XRP,0.2595
2411,2020-02-04,XRP,0.271
2412,2020-02-05,XRP,0.2824
2413,2020-02-06,XRP,0.28856
2414,2020-02-07,XRP,0.28832
2415,2020-02-08,XRP,0.28223
2416,2020-02-09,XRP,0.28924
2417,2020-02-10,XRP,0.28322
2418,2020-02-11,XRP,0.2835
2419,2020-02-12,XRP,0.309
2420,2020-02-13,XRP,0.34
2421,2020-02-14,XRP,0.33942
2422,2020-02-15,XRP,0.34676
2423,2020-02-16,XRP,0.31892
2424,2020-02-17,XRP,0.29511
2425,2020-02-18,XRP,0.30273
2426,2020-02-19,XRP,0.30777
2427,2020-02-20,XRP,0.28168
2428,2020-02-21,XRP,0.27898
2429,2020-02-22,XRP,0.2785
2430,2020-02-23,XRP,0.28467
2431,2020-02-24,XRP,0.28425
2432,2020-02-25,XRP,0.271
2433,2020-02-26,XRP,0.25512
2434,2020-02-27,XRP,0.24722
2435,2020-02-28,XRP,0.244
2436,2020-02-29,XRP,0.24244
2437,2020-03-01,XRP,0.23607
2438,2020-03-02,XRP,0.24149
2439,2020-03-03,XRP,0.2397
2440,2020-03-04,XRP,0.23839
2441,2020-03-05,XRP,0.2432
2442,2020-03-06,XRP,0.24629
2443,2020-03-07,XRP,0.245
2444,2020-03-08,XRP,0.23624
2445,2020-03-09,XRP,0.2115
2446,2020-03-10,XRP,0.21567
2447,2020-03-11,XRP,0.2138
2448,2020-03-12,XRP,0.20988
2449,2020-03-13,XRP,0.16614
2450,2020-03-14,XRP,0.161
2451,2020-03-15,XRP,0.16422
2452,2020-03-16,XRP,0.15338
2453,2020-03-17,XRP,0.1519
2454,2020-03-18,XRP,0.14938
2455,2020-03-19,XRP,0.17257
2456,2020-03-20,XRP,0.175
2457,2020-03-21,XRP,0.16196
2458,2020-03-22,XRP,0.16178
2459,2020-03-23,XRP,0.16163
2460,2020-03-24,XRP,0.16387
2461,2020-03-25,XRP,0.16524
2462,2020-03-26,XRP,0.17742
2463,2020-03-27,XRP,0.18724
2464,2020-03-28,XRP,0.17984
2465,2020-03-29,XRP,0.1767
2466,2020-03-30,XRP,0.17546
2467,2020-03-31,XRP,0.17789
2468,2020-04-01,XRP,0.1763
2469,2020-04-02,XRP,0.1865
2470,2020-04-03,XRP,0.18277
2471,2020-04-04,XRP,0.18365
2472,2020-04-05,XRP,0.18206
2473,2020-04-06,XRP,0.19834
2474,2020-04-07,XRP,0.20519
2475,2020-04-08,XRP,0.20294
2476,2020-04-09,XRP,0.20231
2477,2020-04-10,XRP,0.19872
2478,2020-04-11,XRP,0.19213
2479,2020-04-12,XRP,0.19567
2480,2020-04-13,XRP,0.18947
2481,2020-04-14,XRP,0.18931
2482,2020-04-15,XRP,0.18973
2483,2020-04-16,XRP,0.19399
2484,2020-04-17,XRP,0.19185
2485,2020-04-18,XRP,0.19715
2486,2020-04-19,XRP,0.19638
2487,2020-04-20,XRP,0.19453
2488,2020-04-21,XRP,0.18637
2489,2020-04-22,XRP,0.18964
2490,2020-04-23,XRP,0.19951
2491,2020-04-24,XRP,0.19695
2492,2020-04-25,XRP,0.19776
2493,2020-04-26,XRP,0.19775
2494,2020-04-27,XRP,0.19979
2495,2020-04-28,XRP,0.21806
2496,2020-04-29,XRP,0.23075
2497,2020-04-30,XRP,0.2359
2498,2020-05-01,XRP,0.22418
2499,2020-05-02,XRP,0.22575
2500,2020-05-03,XRP,0.22667
2501,2020-05-04,XRP,0.22057
2502,2020-05-05,XRP,0.22213
2503,2020-05-06,XRP,0.2224
2504,2020-05-07,XRP,0.2211
2505,2020-05-08,XRP,0.22199
2506,2020-05-09,XRP,0.225
2507,2020-05-10,XRP,0.21651
2508,2020-05-11,XRP,0.20031
2509,2020-05-12,XRP,0.2001
2510,2020-05-13,XRP,0.20429
2511,2020-05-14,XRP,0.20636
2512,2020-05-15,XRP,0.20467
2513,2020-05-16,XRP,0.2025
2514,2020-05-17,XRP,0.20465
2515,2020-05-18,XRP,0.20805
2516,2020-05-19,XRP,0.20668
2517,2020-05-20,XRP,0.20624
2518,2020-05-21,XRP,0.20305
2519,2020-05-22,XRP,0.2025
2520,2020-05-23,XRP,0.20216
2521,2020-05-24,XRP,0.20122
2522,2020-05-25,XRP,0.19719
2523,2020-05-26,XRP,0.19695
2524,2020-05-27,XRP,0.20048
2525,2020-05-28,XRP,0.20095
2526,2020-05-29,XRP,0.20292
2527,2020-05-30,XRP,0.208
2528,2020-05-31,XRP,0.21356
2529,2020-06-01,XRP,0.21268
2530,2020-06-02,XRP,0.2147
2531,2020-06-03,XRP,0.20487
2532,2020-06-04,XRP,0.20724
2533,2020-06-05,XRP,0.20585
2534,2020-06-06,XRP,0.20484
2535,2020-06-07,XRP,0.20496
2536,2020-06-08,XRP,0.20444
2537,2020-06-09,XRP,0.20528
2538,2020-06-10,XRP,0.20388
2539,2020-06-11,XRP,0.2036
2540,2020-06-12,XRP,0.19505
2541,2020-06-13,XRP,0.19379
2542,2020-06-14,XRP,0.19249
2543,2020-06-15,XRP,0.19344
2544,2020-06-16,XRP,0.19404
2545,2020-06-17,XRP,0.19895
2546,2020-06-18,XRP,0.19325
2547,2020-06-19,XRP,0.19036
2548,2020-06-20,XRP,0.18897
2549,2020-06-21,XRP,0.18848
2550,2020-06-22,XRP,0.19051
2551,2020-06-23,XRP,0.19042
2552,2020-06-24,XRP,0.19016
2553,2020-06-25,XRP,0.18414
2554,2020-06-26,XRP,0.18694
2555,2020-06-27,XRP,0.1835
2556,2020-06-28,XRP,0.17983
2557,2020-06-29,XRP,0.17939
2558,2020-06-30,XRP,0.17775
2559,2020-07-01,XRP,0.17814
2560,2020-07-02,XRP,0.1777
2561,2020-07-03,XRP,0.17865
2562,2020-07-04,XRP,0.17964
2563,2020-07-05,XRP,0.1788
2564,2020-07-06,XRP,0.18934
2565,2020-07-07,XRP,0.18969
2566,2020-07-08,XRP,0.20669
2567,2020-07-09,XRP,0.21186
2568,2020-07-10,XRP,0.20272
2569,2020-07-11,XRP,0.20482
2570,2020-07-12,XRP,0.20401
2571,2020-07-13,XRP,0.2066
2572,2020-07-14,XRP,0.19978
2573,2020-07-15,XRP,0.1999
2574,2020-07-16,XRP,0.19756
2575,2020-07-17,XRP,0.19824
2576,2020-07-18,XRP,0.20203
2577,2020-07-19,XRP,0.20205
2578,2020-07-20,XRP,0.20019
2579,2020-07-21,XRP,0.201
2580,2020-07-22,XRP,0.20441
2581,2020-07-23,XRP,0.21584
2582,2020-07-24,XRP,0.20855
2583,2020-07-25,XRP,0.21756
2584,2020-07-26,XRP,0.22499
2585,2020-07-27,XRP,0.23
2586,2020-07-28,XRP,0.23476
2587,2020-07-29,XRP,0.25
2588,2020-07-30,XRP,0.24954
2589,2020-07-31,XRP,0.26042
2590,2020-08-01,XRP,0.29739
2591,2020-08-02,XRP,0.32628
2592,2020-08-03,XRP,0.31999
2593,2020-08-04,XRP,0.31926
2594,2020-08-05,XRP,0.30813
2595,2020-08-06,XRP,0.31126
2596,2020-08-07,XRP,0.31037
2597,2020-08-08,XRP,0.2987
2598,2020-08-09,XRP,0.29839
2599,2020-08-10,XRP,0.30008
2600,2020-08-11,XRP,0.30736
2601,2020-08-12,XRP,0.28737
2602,2020-08-13,XRP,0.29561
2603,2020-08-14,XRP,0.3073
2604,2020-08-15,XRP,0.30537
2605,2020-08-16,XRP,0.3048
2606,2020-08-17,XRP,0.32689
2607,2020-08-18,XRP,0.32156
2608,2020-08-19,XRP,0.30616
2609,2020-08-20,XRP,0.29465
2610,2020-08-21,XRP,0.29585
2611,2020-08-22,XRP,0.28663
2612,2020-08-23,XRP,0.28808
2613,2020-08-24,XRP,0.292
2614,2020-08-25,XRP,0.28959
2615,2020-08-26,XRP,0.28078
2616,2020-08-27,XRP,0.27833
2617,2020-08-28,XRP,0.2732
2618,2020-08-29,XRP,0.27685
2619,2020-08-30,XRP,0.28389
2620,2020-08-31,XRP,0.2845
2621,2020-09-01,XRP,0.29884
2622,2020-09-02,XRP,0.304
2623,2020-09-03,XRP,0.2765
2624,2020-09-04,XRP,0.26582
2625,2020-09-05,XRP,0.25951
2626,2020-09-06,XRP,0.24358
2627,2020-09-07,XRP,0.24292
2628,2020-09-08,XRP,0.24365
2629,2020-09-09,XRP,0.24278
2630,2020-09-10,XRP,0.24871
2631,2020-09-11,XRP,0.2444
2632,2020-09-12,XRP,0.24879
2633,2020-09-13,XRP,0.2535
2634,2020-09-14,XRP,0.2484
2635,2020-09-15,XRP,0.2494
2636,2020-09-16,XRP,0.25117
2637,2020-09-17,XRP,0.2586
2638,2020-09-18,XRP,0.25522
2639,2020-09-19,XRP,0.25497
2640,2020-09-20,XRP,0.25125
2641,2020-09-21,XRP,0.24809
2642,2020-09-22,XRP,0.23459
2643,2020-09-23,XRP,0.2352
2644,2020-09-24,XRP,0.23401
2645,2020-09-25,XRP,0.24477
2646,2020-09-26,XRP,0.24568
2647,2020-09-27,XRP,0.24474
2648,2020-09-28,XRP,0.24851
2649,2020-09-29,XRP,0.24662
2650,2020-09-30,XRP,0.24289
2651,2020-10-01,XRP,0.24452
2652,2020-10-02,XRP,0.23937
2653,2020-10-03,XRP,0.23499
2654,2020-10-04,XRP,0.25024
2655,2020-10-05,XRP,0.25442
2656,2020-10-06,XRP,0.25932
2657,2020-10-07,XRP,0.25141
2658,2020-10-08,XRP,0.25297
2659,2020-10-09,XRP,0.25665
2660,2020-10-10,XRP,0.26071
2661,2020-10-11,XRP,0.25842
2662,2020-10-12,XRP,0.25826
2663,2020-10-13,XRP,0.25997
2664,2020-10-14,XRP,0.2584
2665,2020-10-15,XRP,0.25014
2666,2020-10-16,XRP,0.24787
2667,2020-10-17,XRP,0.24329
2668,2020-10-18,XRP,0.24362
2669,2020-10-19,XRP,0.24945
2670,2020-10-20,XRP,0.25039
2671,2020-10-21,XRP,0.25555
2672,2020-10-22,XRP,0.26357
2673,2020-10-23,XRP,0.25921
2674,2020-10-24,XRP,0.25763
2675,2020-10-25,XRP,0.25714
2676,2020-10-26,XRP,0.2591
2677,2020-10-27,XRP,0.25398
2678,2020-10-28,XRP,0.25666
2679,2020-10-29,XRP,0.24702
2680,2020-10-30,XRP,0.24402
2681,2020-10-31,XRP,0.24351
2682,2020-11-01,XRP,0.24138
2683,2020-11-02,XRP,0.2452
2684,2020-11-03,XRP,0.24425
2685,2020-11-04,XRP,0.24045
2686,2020-11-05,XRP,0.24743
2687,2020-11-06,XRP,0.2614
2688,2020-11-07,XRP,0.26733
2689,2020-11-08,XRP,0.25701
2690,2020-11-09,XRP,0.2562
2691,2020-11-10,XRP,0.265
2692,2020-11-11,XRP,0.26
2693,2020-11-12,XRP,0.25818
2694,2020-11-13,XRP,0.2659
2695,2020-11-14,XRP,0.2777
2696,2020-11-15,XRP,0.27677
2697,2020-11-16,XRP,0.28998
2698,2020-11-17,XRP,0.305
2699,2020-11-18,XRP,0.30818
2700,2020-11-19,XRP,0.30659
2701,2020-11-20,XRP,0.33091
2702,2020-11-21,XRP,0.4695
2703,2020-11-22,XRP,0.49659
2704,2020-11-23,XRP,0.61984
2705,2020-11-24,XRP,0.78068
2706,2020-11-25,XRP,0.725
2707,2020-11-26,XRP,0.652
2708,2020-11-27,XRP,0.58669
2709,2020-11-28,XRP,0.64888
2710,2020-11-29,XRP,0.637
2711,2020-11-30,XRP,0.6791
2712,2020-12-01,XRP,0.681
2713,2020-12-02,XRP,0.6368
2714,2020-12-03,XRP,0.6418
2715,2020-12-04,XRP,0.6342
2716,2020-12-05,XRP,0.59628
2717,2020-12-06,XRP,0.62801
2718,2020-12-07,XRP,0.624
2719,2020-12-08,XRP,0.61048
2720,2020-12-09,XRP,0.60544
2721,2020-12-10,XRP,0.58848
2722,2020-12-11,XRP,0.58697
2723,2020-12-12,XRP,0.55102
2724,2020-12-13,XRP,0.5278
2725,2020-12-14,XRP,0.51852
2726,2020-12-15,XRP,0.50715
2727,2020-12-16,XRP,0.57477
2728,2020-12-17,XRP,0.65852
2729,2020-12-18,XRP,0.61346
2730,2020-12-19,XRP,0.60377
2731,2020-12-20,XRP,0.58658
2732,2020-12-21,XRP,0.56935
2733,2020-12-22,XRP,0.52213
2734,2020-12-23,XRP,0.44842
2735,2020-12-24,XRP,0.3778
2736,2020-12-25,XRP,0.3855
2737,2020-12-26,XRP,0.32723
2738,2020-12-27,XRP,0.312
2739,2020-12-28,XRP,0.31
2740,2020-12-29,XRP,0.25167
2741,2020-12-30,XRP,0.23665
2742,2020-12-31,XRP,0.22949
2743,2021-01-01,XRP,0.25
2744,2021-01-02,XRP,0.23823
2745,2021-01-03,XRP,0.23852
2746,2021-01-04,XRP,0.26091
2747,2021-01-05,XRP,0.24269
2748,2021-01-06,XRP,0.2745
2749,2021-01-07,XRP,0.37
2750,2021-01-08,XRP,0.3467
2751,2021-01-09,XRP,0.3395
2752,2021-01-10,XRP,0.368
2753,2021-01-11,XRP,0.31627
2754,2021-01-12,XRP,0.31003
2755,2021-01-13,XRP,0.31
2756,2021-01-14,XRP,0.309
2757,2021-01-15,XRP,0.30337
2758,2021-01-16,XRP,0.29666
2759,2021-01-17,XRP,0.28572
2760,2021-01-18,XRP,0.28875
2761,2021-01-19,XRP,0.33
2762,2021-01-20,XRP,0.31184
2763,2021-01-21,XRP,0.30797
2764,2021-01-22,XRP,0.27826
2765,2021-01-23,XRP,0.28356
2766,2021-01-24,XRP,0.27798
2767,2021-01-25,XRP,0.285
2768,2021-01-26,XRP,0.27095
2769,2021-01-27,XRP,0.26871
2770,2021-01-28,XRP,0.27
2771,2021-01-29,XRP,0.31724
2772,2021-01-30,XRP,0.5178
2773,2021-01-31,XRP,0.51
2774,2021-02-01,XRP,0.755
2775,2021-02-02,XRP,0.41123
2776,2021-02-03,XRP,0.419
2777,2021-02-04,XRP,0.48159
2778,2021-02-05,XRP,0.47222
2779,2021-02-06,XRP,0.45688
2780,2021-02-07,XRP,0.45089
2781,2021-02-08,XRP,0.4692
2782,2021-02-09,XRP,0.49
2783,2021-02-10,XRP,0.54224
2784,2021-02-11,XRP,0.53545
2785,2021-02-12,XRP,0.61922
2786,2021-02-13,XRP,0.64244
2787,2021-02-14,XRP,0.63981
2788,2021-02-15,XRP,0.6043
2789,2021-02-16,XRP,0.58005
2790,2021-02-17,XRP,0.55751
2791,2021-02-18,XRP,0.55995
2792,2021-02-19,XRP,0.58195
2793,2021-02-20,XRP,0.58235
2794,2021-02-21,XRP,0.55858
2795,2021-02-22,XRP,0.65155
2796,2021-02-23,XRP,0.57172
2797,2021-02-24,XRP,0.49999
2798,2021-02-25,XRP,0.48233
2799,2021-02-26,XRP,0.45067
2800,2021-02-27,XRP,0.45945
2801,2021-02-28,XRP,0.43876
2802,2021-03-01,XRP,0.454
2803,2021-03-02,XRP,0.45532
2804,2021-03-03,XRP,0.46869
2805,2021-03-04,XRP,0.49449
2806,2021-03-05,XRP,0.48488
2807,2021-03-06,XRP,0.4765
2808,2021-03-07,XRP,0.4689
2809,2021-03-08,XRP,0.48987
2810,2021-03-09,XRP,0.48736
2811,2021-03-10,XRP,0.4887
2812,2021-03-11,XRP,0.46427
2813,2021-03-12,XRP,0.46488
2814,2021-03-13,XRP,0.46646
2815,2021-03-14,XRP,0.46155
2816,2021-03-15,XRP,0.44815
2817,2021-03-16,XRP,0.52221
2818,2021-03-17,XRP,0.48245
2819,2021-03-18,XRP,0.4905
2820,2021-03-19,XRP,0.47536
2821,2021-03-20,XRP,0.54999
2822,2021-03-21,XRP,0.54691
2823,2021-03-22,XRP,0.6
2824,2021-03-23,XRP,0.59638
2825,2021-03-24,XRP,0.56302
2826,2021-03-25,XRP,0.5248
2827,2021-03-26,XRP,0.57689
2828,2021-03-27,XRP,0.57464
2829,2021-03-28,XRP,0.56075
2830,2021-03-29,XRP,0.57082
2831,2021-03-30,XRP,0.588
2832,2021-03-31,XRP,0.57682
2833,2021-04-01,XRP,0.59555
2834,2021-04-02,XRP,0.61
2835,2021-04-03,XRP,0.64262
2836,2021-04-04,XRP,0.63599
2837,2021-04-05,XRP,0.93999
2838,2021-04-06,XRP,1.119
2839,2021-04-07,XRP,1.10882
2840,2021-04-08,XRP,1.07294
2841,2021-04-09,XRP,1.0849
2842,2021-04-10,XRP,1.399
2843,2021-04-11,XRP,1.5
2844,2021-04-12,XRP,1.475
2845,2021-04-13,XRP,1.88888
2846,2021-04-14,XRP,1.96689
2847,2021-04-15,XRP,1.885
2848,2021-04-16,XRP,1.81041
2849,2021-04-17,XRP,1.74163
2850,2021-04-18,XRP,1.56505
2851,2021-04-19,XRP,1.5339
2852,2021-04-20,XRP,1.44796
2853,2021-04-21,XRP,1.4645
2854,2021-04-22,XRP,1.41947
2855,2021-04-23,XRP,1.19724
2856,2021-04-24,XRP,1.172
2857,2021-04-25,XRP,1.156
2858,2021-04-26,XRP,1.375
2859,2021-04-27,XRP,1.462
2860,2021-04-28,XRP,1.4492
2861,2021-04-29,XRP,1.42
2862,2021-04-30,XRP,1.6397
2863,2021-05-01,XRP,1.6666
2864,2021-05-02,XRP,1.658
2865,2021-05-03,XRP,1.6216
2866,2021-05-04,XRP,1.558
2867,2021-05-05,XRP,1.624
2868,2021-05-06,XRP,1.7658
2869,2021-05-07,XRP,1.695
2870,2021-05-08,XRP,1.6277
2871,2021-05-09,XRP,1.5968
2872,2021-05-10,XRP,1.627
2873,2021-05-11,XRP,1.4905
2874,2021-05-12,XRP,1.547
2875,2021-05-13,XRP,1.389
2876,2021-05-14,XRP,1.4488
2877,2021-05-15,XRP,1.5869
2878,2021-05-16,XRP,1.6131
2879,2021-05-17,XRP,1.565
2880,2021-05-18,XRP,1.705
2881,2021-05-19,XRP,1.6448
2882,2021-05-20,XRP,1.2664
2883,2021-05-21,XRP,1.2194
2884,2021-05-22,XRP,1.0162
2885,2021-05-23,XRP,0.9679
2886,2021-05-24,XRP,0.997
2887,2021-05-25,XRP,1.07
2888,2021-05-26,XRP,1.0698
2889,2021-05-27,XRP,1.0423
2890,2021-05-28,XRP,0.9847
2891,2021-05-29,XRP,0.9413
2892,2021-05-30,XRP,0.9337
2893,2021-05-31,XRP,1.0495
2894,2021-06-01,XRP,1.1
2895,2021-06-02,XRP,1.0498
2896,2021-06-03,XRP,1.0789
2897,2021-06-04,XRP,1.0466
2898,2021-06-05,XRP,0.9973
2899,2021-06-06,XRP,0.9493
2900,2021-06-07,XRP,0.976
2901,2021-06-08,XRP,0.8861
2902,2021-06-09,XRP,0.9218
2903,2021-06-10,XRP,0.9298
2904,2021-06-11,XRP,0.88
2905,2021-06-12,XRP,0.8479
2906,2021-06-13,XRP,0.8883
2907,2021-06-14,XRP,0.93
2908,2021-06-15,XRP,0.9017
2909,2021-06-16,XRP,0.8733
2910,2021-06-17,XRP,0.8612
2911,2021-06-18,XRP,0.845
2912,2021-06-19,XRP,0.8055
2913,2021-06-20,XRP,0.785
2914,2021-06-21,XRP,0.7803
2915,2021-06-22,XRP,0.65
2916,2021-06-23,XRP,0.6655
2917,2021-06-24,XRP,0.6928
2918,2021-06-25,XRP,0.6889
2919,2021-06-26,XRP,0.6329
2920,2021-06-27,XRP,0.6523
2921,2021-06-28,XRP,0.6583
2922,2021-06-29,XRP,0.734
2923,2021-06-30,XRP,0.7145
2924,2021-07-01,XRP,0.7064
