date,Asset,Value
1/3/2017,AMC,34.75
1/4/2017,AMC,34.2
1/5/2017,AMC,34
1/6/2017,AMC,33.8
1/9/2017,AMC,33.3
1/10/2017,AMC,34.15
1/11/2017,AMC,34.3
1/12/2017,AMC,34
1/13/2017,AMC,34.25
1/17/2017,AMC,33.9
1/18/2017,AMC,33.8
1/19/2017,AMC,33.9
1/20/2017,AMC,34.3
1/23/2017,AMC,34.1
1/24/2017,AMC,34.3
1/25/2017,AMC,34.15
1/26/2017,AMC,34.25
1/27/2017,AMC,34
1/30/2017,AMC,34.15
1/31/2017,AMC,33.75
2/1/2017,AMC,33
2/2/2017,AMC,33.05
2/3/2017,AMC,32.9
2/6/2017,AMC,32.65
2/7/2017,AMC,32.5
2/8/2017,AMC,31.05
2/9/2017,AMC,31
2/10/2017,AMC,31.35
2/13/2017,AMC,31.35
2/14/2017,AMC,31.4
2/15/2017,AMC,31.5
2/16/2017,AMC,31.25
2/17/2017,AMC,31.2
2/21/2017,AMC,30.85
2/22/2017,AMC,31.35
2/23/2017,AMC,31.35
2/24/2017,AMC,31.4
2/27/2017,AMC,31.45
2/28/2017,AMC,31.35
3/1/2017,AMC,30.4
3/2/2017,AMC,29.75
3/3/2017,AMC,29.4
3/6/2017,AMC,29.3
3/7/2017,AMC,29.45
3/8/2017,AMC,29.55
3/9/2017,AMC,29.55
3/10/2017,AMC,30.15
3/13/2017,AMC,30.4
3/14/2017,AMC,30.55
3/15/2017,AMC,30.1
3/16/2017,AMC,30.2
3/17/2017,AMC,30.6
3/20/2017,AMC,30.6
3/21/2017,AMC,30.15
3/22/2017,AMC,30.3
3/23/2017,AMC,30.2
3/24/2017,AMC,30.85
3/27/2017,AMC,30.8
3/28/2017,AMC,30.55
3/29/2017,AMC,30.95
3/30/2017,AMC,31.15
3/31/2017,AMC,31.45
4/3/2017,AMC,31.85
4/4/2017,AMC,31.55
4/5/2017,AMC,31
4/6/2017,AMC,30.8
4/7/2017,AMC,30.35
4/10/2017,AMC,30.65
4/11/2017,AMC,30.7
4/12/2017,AMC,30.3
4/13/2017,AMC,30.2
4/17/2017,AMC,30.7
4/18/2017,AMC,30.5
4/19/2017,AMC,30.4
4/20/2017,AMC,30.95
4/21/2017,AMC,30.9
4/24/2017,AMC,30.7
4/25/2017,AMC,31
4/26/2017,AMC,31.2
4/27/2017,AMC,30.7
4/28/2017,AMC,30.3
5/1/2017,AMC,29.8
5/2/2017,AMC,30.05
5/3/2017,AMC,30.1
5/4/2017,AMC,29.4
5/5/2017,AMC,29.1
5/8/2017,AMC,28.8
5/9/2017,AMC,28.9
5/10/2017,AMC,27.95
5/11/2017,AMC,27.5
5/12/2017,AMC,26.9
5/15/2017,AMC,26.45
5/16/2017,AMC,25.75
5/17/2017,AMC,24.6
5/18/2017,AMC,24.5
5/19/2017,AMC,25.3
5/22/2017,AMC,25
5/23/2017,AMC,24.65
5/24/2017,AMC,23.5
5/25/2017,AMC,23.4
5/26/2017,AMC,24.7
5/30/2017,AMC,23.35
5/31/2017,AMC,22.5
6/1/2017,AMC,23.45
6/2/2017,AMC,24.8
6/5/2017,AMC,25
6/6/2017,AMC,24.4
6/7/2017,AMC,23.75
6/8/2017,AMC,23.65
6/9/2017,AMC,23.3
6/12/2017,AMC,23.5
6/13/2017,AMC,24.25
6/14/2017,AMC,24.2
6/15/2017,AMC,24.05
6/16/2017,AMC,24.65
6/19/2017,AMC,24.75
6/20/2017,AMC,23.6
6/21/2017,AMC,23.05
6/22/2017,AMC,23.05
6/23/2017,AMC,23.6
6/26/2017,AMC,23.55
6/27/2017,AMC,23.35
6/28/2017,AMC,23.9
6/29/2017,AMC,23.65
6/30/2017,AMC,22.75
7/3/2017,AMC,23.2
7/5/2017,AMC,22.45
7/6/2017,AMC,21.65
7/7/2017,AMC,21.95
7/10/2017,AMC,21.5
7/11/2017,AMC,22.3
7/12/2017,AMC,21.4
7/13/2017,AMC,22.15
7/14/2017,AMC,21.9
7/17/2017,AMC,19.7
7/18/2017,AMC,20.1
7/19/2017,AMC,19.85
7/20/2017,AMC,20.6
7/21/2017,AMC,20.35
7/24/2017,AMC,20.5
7/25/2017,AMC,20.85
7/26/2017,AMC,21.05
7/27/2017,AMC,20.7
7/28/2017,AMC,20.5
7/31/2017,AMC,20.4
8/1/2017,AMC,20.8
8/2/2017,AMC,15.2
8/3/2017,AMC,15.1
8/4/2017,AMC,16.25
8/7/2017,AMC,16.1
8/8/2017,AMC,16.15
8/9/2017,AMC,15.5
8/10/2017,AMC,14.45
8/11/2017,AMC,14.05
8/14/2017,AMC,13.6
8/15/2017,AMC,13.25
8/16/2017,AMC,13.3
8/17/2017,AMC,13.15
8/18/2017,AMC,13
8/21/2017,AMC,13.05
8/22/2017,AMC,12.85
8/23/2017,AMC,12.55
8/24/2017,AMC,12.8
8/25/2017,AMC,12.9
8/28/2017,AMC,13.05
8/29/2017,AMC,12.85
8/30/2017,AMC,13.45
8/31/2017,AMC,13.4
9/1/2017,AMC,14.15
9/5/2017,AMC,14.5
9/6/2017,AMC,14.4
9/7/2017,AMC,13.8
9/8/2017,AMC,13.35
9/11/2017,AMC,14.1
9/12/2017,AMC,14.2
9/13/2017,AMC,15.2
9/14/2017,AMC,16.05
9/15/2017,AMC,16.95
9/18/2017,AMC,16.65
9/19/2017,AMC,15.65
9/20/2017,AMC,15.35
9/21/2017,AMC,15.8
9/22/2017,AMC,15.9
9/25/2017,AMC,15.15
9/26/2017,AMC,15.4
9/27/2017,AMC,15.5
9/28/2017,AMC,15
9/29/2017,AMC,14.7
10/2/2017,AMC,14.7
10/3/2017,AMC,15.9
10/4/2017,AMC,15.8
10/5/2017,AMC,16.05
10/6/2017,AMC,15.2
10/9/2017,AMC,14
10/10/2017,AMC,13.85
10/11/2017,AMC,13.75
10/12/2017,AMC,13.85
10/13/2017,AMC,13.75
10/16/2017,AMC,13.75
10/17/2017,AMC,13.75
10/18/2017,AMC,13.6
10/19/2017,AMC,14.25
10/20/2017,AMC,14
10/23/2017,AMC,14.15
10/24/2017,AMC,14.3
10/25/2017,AMC,14.05
10/26/2017,AMC,14.7
10/27/2017,AMC,14.75
10/30/2017,AMC,13.9
10/31/2017,AMC,13.9
11/1/2017,AMC,13.45
11/2/2017,AMC,12.85
11/3/2017,AMC,11.9
11/6/2017,AMC,12.2
11/7/2017,AMC,12.3
11/8/2017,AMC,11.8
11/9/2017,AMC,11.4
11/10/2017,AMC,11
11/13/2017,AMC,11.65
11/14/2017,AMC,12.2
11/15/2017,AMC,12.55
11/16/2017,AMC,12.45
11/17/2017,AMC,12.95
11/20/2017,AMC,12.75
11/21/2017,AMC,12.7
11/22/2017,AMC,13.2
11/24/2017,AMC,13.85
11/27/2017,AMC,14.9
11/28/2017,AMC,16.15
11/29/2017,AMC,15.4
11/30/2017,AMC,14.25
12/1/2017,AMC,14
12/4/2017,AMC,14.3
12/5/2017,AMC,14.45
12/6/2017,AMC,14.25
12/7/2017,AMC,14.35
12/8/2017,AMC,14.65
12/11/2017,AMC,15.25
12/12/2017,AMC,15.25
12/13/2017,AMC,15.15
12/14/2017,AMC,15.8
12/15/2017,AMC,15.1
12/18/2017,AMC,15.25
12/19/2017,AMC,15.25
12/20/2017,AMC,14.85
12/21/2017,AMC,15.4
12/22/2017,AMC,14.9
12/26/2017,AMC,14.4
12/27/2017,AMC,14.1
12/28/2017,AMC,14.85
12/29/2017,AMC,15.1
1/2/2018,AMC,15.4
1/3/2018,AMC,15
1/4/2018,AMC,14.45
1/5/2018,AMC,14.1
1/8/2018,AMC,13.8
1/9/2018,AMC,13.9
1/10/2018,AMC,13.95
1/11/2018,AMC,14.1
1/12/2018,AMC,14.45
1/16/2018,AMC,13.65
1/17/2018,AMC,13.75
1/18/2018,AMC,13.4
1/19/2018,AMC,13.2
1/22/2018,AMC,13.25
1/23/2018,AMC,13.4
1/24/2018,AMC,13.2
1/25/2018,AMC,13.15
1/26/2018,AMC,12.85
1/29/2018,AMC,12.85
1/30/2018,AMC,12.6
1/31/2018,AMC,12.8
2/1/2018,AMC,13.5
2/2/2018,AMC,13.95
2/5/2018,AMC,13.35
2/6/2018,AMC,13.75
2/7/2018,AMC,14.2
2/8/2018,AMC,13.75
2/9/2018,AMC,13.45
2/12/2018,AMC,13.9
2/13/2018,AMC,13.85
2/14/2018,AMC,14.25
2/15/2018,AMC,14.65
2/16/2018,AMC,14.4
2/20/2018,AMC,14.5
2/21/2018,AMC,14.4
2/22/2018,AMC,14.3
2/23/2018,AMC,14.85
2/26/2018,AMC,15.45
2/27/2018,AMC,15.75
2/28/2018,AMC,15
3/1/2018,AMC,14.75
3/2/2018,AMC,15.75
3/5/2018,AMC,15.75
3/6/2018,AMC,15.95
3/7/2018,AMC,15.7
3/8/2018,AMC,15.55
3/9/2018,AMC,15.7
3/12/2018,AMC,15.65
3/13/2018,AMC,14.75
3/14/2018,AMC,15.05
3/15/2018,AMC,14.75
3/16/2018,AMC,14.2
3/19/2018,AMC,14.15
3/20/2018,AMC,14.05
3/21/2018,AMC,14.15
3/22/2018,AMC,13.8
3/23/2018,AMC,13.9
3/26/2018,AMC,13.95
3/27/2018,AMC,13.6
3/28/2018,AMC,13.5
3/29/2018,AMC,14.05
4/2/2018,AMC,14.15
4/3/2018,AMC,15.25
4/4/2018,AMC,15.4
4/5/2018,AMC,16.35
4/6/2018,AMC,16.45
4/9/2018,AMC,16.45
4/10/2018,AMC,16.8
4/11/2018,AMC,16.7
4/12/2018,AMC,16.5
4/13/2018,AMC,16.95
4/16/2018,AMC,17.15
4/17/2018,AMC,17.4
4/18/2018,AMC,17.55
4/19/2018,AMC,17.25
4/20/2018,AMC,17
4/23/2018,AMC,17.15
4/24/2018,AMC,17.2
4/25/2018,AMC,17.25
4/26/2018,AMC,17.2
4/27/2018,AMC,17.2
4/30/2018,AMC,17.45
5/1/2018,AMC,16.4
5/2/2018,AMC,16.5
5/3/2018,AMC,16.55
5/4/2018,AMC,16.3
5/7/2018,AMC,17.2
5/8/2018,AMC,16.8
5/9/2018,AMC,16.05
5/10/2018,AMC,16.45
5/11/2018,AMC,16.3
5/14/2018,AMC,16.4
5/15/2018,AMC,16.55
5/16/2018,AMC,16.6
5/17/2018,AMC,16.6
5/18/2018,AMC,16.1
5/21/2018,AMC,16.05
5/22/2018,AMC,15.6
5/23/2018,AMC,15.2
5/24/2018,AMC,15.25
5/25/2018,AMC,15.05
5/29/2018,AMC,14.45
5/30/2018,AMC,14.85
5/31/2018,AMC,14.8
6/1/2018,AMC,14.8
6/4/2018,AMC,14.55
6/5/2018,AMC,14.75
6/6/2018,AMC,14.7
6/7/2018,AMC,14.65
6/8/2018,AMC,14.45
6/11/2018,AMC,14.95
6/12/2018,AMC,15.65
6/13/2018,AMC,15.45
6/14/2018,AMC,15.75
6/15/2018,AMC,15.6
6/18/2018,AMC,16
6/19/2018,AMC,16.25
6/20/2018,AMC,16.6
6/21/2018,AMC,17.2
6/22/2018,AMC,16.6
6/25/2018,AMC,16.5
6/26/2018,AMC,15.85
6/27/2018,AMC,15.6
6/28/2018,AMC,16.15
6/29/2018,AMC,15.9
7/2/2018,AMC,15.75
7/3/2018,AMC,15.85
7/5/2018,AMC,16.8
7/6/2018,AMC,17.3
7/9/2018,AMC,17.15
7/10/2018,AMC,17.35
7/11/2018,AMC,17.4
7/12/2018,AMC,17
7/13/2018,AMC,17.05
7/16/2018,AMC,16.7
7/17/2018,AMC,16.85
7/18/2018,AMC,16.35
7/19/2018,AMC,16.45
7/20/2018,AMC,15.95
7/23/2018,AMC,15.55
7/24/2018,AMC,15.5
7/25/2018,AMC,15.25
7/26/2018,AMC,15.7
7/27/2018,AMC,15.7
7/30/2018,AMC,15.35
7/31/2018,AMC,16.3
8/1/2018,AMC,16.05
8/2/2018,AMC,16.55
8/3/2018,AMC,17.15
8/6/2018,AMC,17.3
8/7/2018,AMC,17.2
8/8/2018,AMC,17.5
8/9/2018,AMC,16.9
8/10/2018,AMC,17.45
8/13/2018,AMC,17.45
8/14/2018,AMC,17.5
8/15/2018,AMC,17.7
8/16/2018,AMC,18.1
8/17/2018,AMC,18.35
8/20/2018,AMC,18.55
8/21/2018,AMC,18.85
8/22/2018,AMC,19
8/23/2018,AMC,19.2
8/24/2018,AMC,19.15
8/27/2018,AMC,18.7
8/28/2018,AMC,19.15
8/29/2018,AMC,18.95
8/30/2018,AMC,18.8
8/31/2018,AMC,19.05
9/4/2018,AMC,19.25
9/5/2018,AMC,19.3
9/6/2018,AMC,19.75
9/7/2018,AMC,19.9
9/10/2018,AMC,19.9
9/11/2018,AMC,19.8
9/12/2018,AMC,20.05
9/13/2018,AMC,20.1
9/14/2018,AMC,19.8
9/17/2018,AMC,19.95
9/18/2018,AMC,20
9/19/2018,AMC,20.65
9/20/2018,AMC,20.75
9/21/2018,AMC,21.35
9/24/2018,AMC,20.4
9/25/2018,AMC,19.9
9/26/2018,AMC,20.15
9/27/2018,AMC,20.45
9/28/2018,AMC,20.5
10/1/2018,AMC,19.86
10/2/2018,AMC,19.76
10/3/2018,AMC,20.09
10/4/2018,AMC,19.97
10/5/2018,AMC,19.7
10/8/2018,AMC,19.6
10/9/2018,AMC,19.61
10/10/2018,AMC,18.75
10/11/2018,AMC,18.41
10/12/2018,AMC,18.86
10/15/2018,AMC,19.27
10/16/2018,AMC,20.15
10/17/2018,AMC,19.81
10/18/2018,AMC,19.64
10/19/2018,AMC,19.81
10/22/2018,AMC,19.8
10/23/2018,AMC,19.7
10/24/2018,AMC,17.83
10/25/2018,AMC,18.71
10/26/2018,AMC,17.83
10/29/2018,AMC,18.72
10/30/2018,AMC,19.24
10/31/2018,AMC,19.26
11/1/2018,AMC,19.24
11/2/2018,AMC,19
11/5/2018,AMC,19.18
11/6/2018,AMC,18.42
11/7/2018,AMC,18.38
11/8/2018,AMC,18.13
11/9/2018,AMC,15.66
11/12/2018,AMC,15.19
11/13/2018,AMC,15.54
11/14/2018,AMC,15.68
11/15/2018,AMC,14.74
11/16/2018,AMC,14.05
11/19/2018,AMC,13.49
11/20/2018,AMC,13.29
11/21/2018,AMC,13.94
11/23/2018,AMC,13.88
11/26/2018,AMC,14.16
11/27/2018,AMC,13.45
11/28/2018,AMC,13.84
11/29/2018,AMC,13.96
11/30/2018,AMC,13.65
12/3/2018,AMC,14.22
12/4/2018,AMC,14.26
12/6/2018,AMC,14.63
12/7/2018,AMC,14.27
12/10/2018,AMC,14.3
12/11/2018,AMC,15.12
12/12/2018,AMC,15.27
12/13/2018,AMC,14.86
12/14/2018,AMC,14.51
12/17/2018,AMC,14.07
12/18/2018,AMC,13.96
12/19/2018,AMC,13.37
12/20/2018,AMC,12.98
12/21/2018,AMC,12.34
12/24/2018,AMC,12.26
12/26/2018,AMC,12.68
12/27/2018,AMC,12.2
12/28/2018,AMC,12.42
12/31/2018,AMC,12.28
1/2/2019,AMC,12.89
1/3/2019,AMC,13.06
1/4/2019,AMC,13.54
1/7/2019,AMC,14.12
1/8/2019,AMC,14.57
1/9/2019,AMC,13.95
1/10/2019,AMC,13.73
1/11/2019,AMC,14.03
1/14/2019,AMC,14.13
1/15/2019,AMC,14.31
1/16/2019,AMC,14.1
1/17/2019,AMC,14.11
1/18/2019,AMC,14.46
1/22/2019,AMC,13.51
1/23/2019,AMC,13.79
1/24/2019,AMC,14.25
1/25/2019,AMC,14.01
1/28/2019,AMC,14.01
1/29/2019,AMC,14.19
1/30/2019,AMC,14.12
1/31/2019,AMC,14.65
2/1/2019,AMC,14.19
2/4/2019,AMC,14.35
2/5/2019,AMC,14.07
2/6/2019,AMC,13.79
2/7/2019,AMC,13.32
2/8/2019,AMC,13.72
2/11/2019,AMC,13.17
2/12/2019,AMC,13.26
2/13/2019,AMC,13.51
2/14/2019,AMC,13.65
2/15/2019,AMC,13.79
2/19/2019,AMC,13.2
2/20/2019,AMC,13.67
2/21/2019,AMC,13.7
2/22/2019,AMC,13.87
2/25/2019,AMC,13.64
2/26/2019,AMC,13.56
2/27/2019,AMC,13.87
2/28/2019,AMC,14.03
3/1/2019,AMC,16
3/4/2019,AMC,15.5
3/5/2019,AMC,15.62
3/6/2019,AMC,15.13
3/7/2019,AMC,14.8
3/8/2019,AMC,14.72
3/11/2019,AMC,14.65
3/12/2019,AMC,14.42
3/13/2019,AMC,14.43
3/14/2019,AMC,14.48
3/15/2019,AMC,14.5
3/18/2019,AMC,15
3/19/2019,AMC,14.75
3/20/2019,AMC,14.96
3/21/2019,AMC,15.42
3/22/2019,AMC,15.06
3/25/2019,AMC,15.3
3/26/2019,AMC,14.94
3/27/2019,AMC,14.84
3/28/2019,AMC,14.77
3/29/2019,AMC,14.85
4/1/2019,AMC,14.99
4/2/2019,AMC,14.78
4/3/2019,AMC,14.61
4/4/2019,AMC,15.01
4/5/2019,AMC,14.98
4/8/2019,AMC,16.31
4/9/2019,AMC,16.15
4/10/2019,AMC,16.15
4/11/2019,AMC,16.12
4/12/2019,AMC,16.43
4/15/2019,AMC,16.5
4/16/2019,AMC,16.59
4/17/2019,AMC,16.59
4/18/2019,AMC,16.05
4/22/2019,AMC,15.26
4/23/2019,AMC,15.25
4/24/2019,AMC,15.44
4/25/2019,AMC,15.3
4/26/2019,AMC,15.4
4/29/2019,AMC,15.5
4/30/2019,AMC,15.16
5/1/2019,AMC,14.71
5/2/2019,AMC,14.7
5/3/2019,AMC,14.59
5/6/2019,AMC,14.87
5/7/2019,AMC,14.97
5/8/2019,AMC,14.65
5/9/2019,AMC,13.63
5/10/2019,AMC,13.82
5/13/2019,AMC,13.29
5/14/2019,AMC,13.5
5/15/2019,AMC,13.58
5/16/2019,AMC,13.4
5/17/2019,AMC,13.13
5/20/2019,AMC,13
5/21/2019,AMC,13.21
5/22/2019,AMC,13.04
5/23/2019,AMC,12.95
5/24/2019,AMC,12.69
5/28/2019,AMC,12.5
5/29/2019,AMC,12.06
5/30/2019,AMC,12.01
5/31/2019,AMC,11.98
6/3/2019,AMC,11.9
6/4/2019,AMC,11.78
6/5/2019,AMC,11.18
6/6/2019,AMC,11.09
6/7/2019,AMC,10.75
6/10/2019,AMC,10.94
6/11/2019,AMC,11.04
6/12/2019,AMC,10.69
6/13/2019,AMC,10.95
6/14/2019,AMC,10.96
6/17/2019,AMC,11.18
6/18/2019,AMC,11.41
6/19/2019,AMC,11.53
6/20/2019,AMC,10.93
6/21/2019,AMC,10.6
6/24/2019,AMC,10.01
6/25/2019,AMC,9.48
6/26/2019,AMC,9.45
6/27/2019,AMC,9.49
6/28/2019,AMC,9.33
7/1/2019,AMC,9.27
7/2/2019,AMC,9.21
7/3/2019,AMC,9.1
7/5/2019,AMC,9.4
7/8/2019,AMC,8.86
7/9/2019,AMC,8.91
7/10/2019,AMC,9.22
7/11/2019,AMC,9.45
7/12/2019,AMC,9.46
7/15/2019,AMC,9.49
7/16/2019,AMC,9.78
7/17/2019,AMC,9.81
7/18/2019,AMC,9.62
7/19/2019,AMC,10.54
7/22/2019,AMC,10.41
7/23/2019,AMC,10.3
7/24/2019,AMC,10.78
7/25/2019,AMC,10.94
7/26/2019,AMC,11.25
7/29/2019,AMC,11.45
7/30/2019,AMC,11.74
7/31/2019,AMC,11.83
8/1/2019,AMC,11.26
8/2/2019,AMC,11.62
8/5/2019,AMC,11.1
8/6/2019,AMC,11.32
8/7/2019,AMC,11.35
8/8/2019,AMC,12.01
8/9/2019,AMC,12.18
8/12/2019,AMC,11.76
8/13/2019,AMC,11.67
8/14/2019,AMC,10.75
8/15/2019,AMC,10.84
8/16/2019,AMC,11.15
8/19/2019,AMC,11.39
8/20/2019,AMC,11.34
8/21/2019,AMC,11.41
8/22/2019,AMC,11.51
8/23/2019,AMC,11.01
8/26/2019,AMC,11.31
8/27/2019,AMC,10.86
8/28/2019,AMC,11.25
8/29/2019,AMC,11.3
8/30/2019,AMC,11.11
9/3/2019,AMC,11.4
9/4/2019,AMC,11.71
9/5/2019,AMC,12.02
9/6/2019,AMC,11.52
9/9/2019,AMC,11.68
9/10/2019,AMC,11.65
9/11/2019,AMC,11.74
9/12/2019,AMC,11.7
9/13/2019,AMC,11.96
9/16/2019,AMC,11.91
9/17/2019,AMC,11.49
9/18/2019,AMC,11.17
9/19/2019,AMC,10.77
9/20/2019,AMC,10.85
9/23/2019,AMC,10.72
9/24/2019,AMC,10.71
9/25/2019,AMC,10.81
9/26/2019,AMC,10.82
9/27/2019,AMC,10.78
9/30/2019,AMC,10.7
10/1/2019,AMC,10.62
10/2/2019,AMC,10.22
10/3/2019,AMC,9.93
10/4/2019,AMC,9.82
10/7/2019,AMC,9.78
10/8/2019,AMC,9.83
10/9/2019,AMC,9.39
10/10/2019,AMC,9.16
10/11/2019,AMC,9.22
10/14/2019,AMC,8.95
10/15/2019,AMC,9.17
10/16/2019,AMC,9.34
10/17/2019,AMC,9.34
10/18/2019,AMC,9.36
10/21/2019,AMC,9.22
10/22/2019,AMC,9.76
10/23/2019,AMC,9.87
10/24/2019,AMC,9.6
10/25/2019,AMC,9.72
10/28/2019,AMC,9.91
10/29/2019,AMC,9.81
10/30/2019,AMC,9.4
10/31/2019,AMC,9.37
11/1/2019,AMC,9.62
11/4/2019,AMC,9.75
11/5/2019,AMC,9.78
11/6/2019,AMC,9.69
11/7/2019,AMC,9.24
11/8/2019,AMC,9.62
11/11/2019,AMC,9.54
11/12/2019,AMC,9.28
11/13/2019,AMC,8.8
11/14/2019,AMC,8.88
11/15/2019,AMC,8.76
11/18/2019,AMC,8.47
11/19/2019,AMC,8.47
11/20/2019,AMC,8.13
11/21/2019,AMC,7.94
11/22/2019,AMC,7.96
11/25/2019,AMC,8.38
11/26/2019,AMC,7.9
11/27/2019,AMC,8.43
11/29/2019,AMC,8.18
12/2/2019,AMC,8.67
12/3/2019,AMC,8.27
12/4/2019,AMC,7.93
12/5/2019,AMC,7.87
12/6/2019,AMC,8.05
12/9/2019,AMC,8.23
12/10/2019,AMC,8.1
12/11/2019,AMC,8.16
12/12/2019,AMC,8.3
12/13/2019,AMC,8.22
12/16/2019,AMC,8.35
12/17/2019,AMC,8.12
12/18/2019,AMC,7.96
12/19/2019,AMC,7.8
12/20/2019,AMC,7.73
12/23/2019,AMC,7.32
12/24/2019,AMC,7.51
12/26/2019,AMC,7.34
12/27/2019,AMC,7.3
12/30/2019,AMC,7.24
12/31/2019,AMC,7.24
1/2/2020,AMC,7.46
1/3/2020,AMC,7.32
1/6/2020,AMC,7.12
1/7/2020,AMC,7.13
1/8/2020,AMC,6.62
1/9/2020,AMC,6.46
1/10/2020,AMC,6.47
1/13/2020,AMC,6.56
1/14/2020,AMC,6.85
1/15/2020,AMC,7.11
1/16/2020,AMC,7.33
1/17/2020,AMC,7.28
1/21/2020,AMC,7.18
1/22/2020,AMC,6.97
1/23/2020,AMC,6.8
1/24/2020,AMC,6.74
1/27/2020,AMC,6.36
1/28/2020,AMC,6.79
1/29/2020,AMC,6.77
1/30/2020,AMC,6.84
1/31/2020,AMC,6.52
2/3/2020,AMC,6.45
2/4/2020,AMC,6.65
2/5/2020,AMC,7
2/6/2020,AMC,6.75
2/7/2020,AMC,6.55
2/10/2020,AMC,6.79
2/11/2020,AMC,6.94
2/12/2020,AMC,6.86
2/13/2020,AMC,7
2/14/2020,AMC,7.1
2/18/2020,AMC,7.04
2/19/2020,AMC,7.31
2/20/2020,AMC,7.76
2/21/2020,AMC,7.46
2/24/2020,AMC,7.05
2/25/2020,AMC,6.55
2/26/2020,AMC,5.93
2/27/2020,AMC,6.09
2/28/2020,AMC,6.26
3/2/2020,AMC,6.11
3/3/2020,AMC,5.81
3/4/2020,AMC,5.82
3/5/2020,AMC,4.92
3/6/2020,AMC,4.53
3/9/2020,AMC,3.85
3/10/2020,AMC,4.2
3/11/2020,AMC,3.64
3/12/2020,AMC,2.91
3/13/2020,AMC,3.22
3/16/2020,AMC,2.6
3/17/2020,AMC,2.48
3/18/2020,AMC,2.47
3/19/2020,AMC,3.37
3/20/2020,AMC,3.19
3/23/2020,AMC,3.15
3/24/2020,AMC,3.56
3/25/2020,AMC,3.46
3/26/2020,AMC,3.7
3/27/2020,AMC,3.6
3/30/2020,AMC,3.04
3/31/2020,AMC,3.16
4/1/2020,AMC,2.62
4/2/2020,AMC,2.24
4/3/2020,AMC,2.27
4/6/2020,AMC,2.88
4/7/2020,AMC,3.14
4/8/2020,AMC,3.3
4/9/2020,AMC,2.6
4/13/2020,AMC,2.08
4/14/2020,AMC,2.18
4/15/2020,AMC,2.41
4/16/2020,AMC,2.44
4/17/2020,AMC,3.2
4/20/2020,AMC,3.18
4/21/2020,AMC,3.25
4/22/2020,AMC,3.18
4/23/2020,AMC,3.11
4/24/2020,AMC,3.05
4/27/2020,AMC,3.36
4/28/2020,AMC,4.14
4/29/2020,AMC,5.19
4/30/2020,AMC,4.92
5/1/2020,AMC,4.57
5/4/2020,AMC,4.3
5/5/2020,AMC,3.89
5/6/2020,AMC,3.92
5/7/2020,AMC,3.99
5/8/2020,AMC,4.1
5/11/2020,AMC,5.32
5/12/2020,AMC,5.12
5/13/2020,AMC,4.6
5/14/2020,AMC,4.55
5/15/2020,AMC,4.52
5/18/2020,AMC,4.72
5/19/2020,AMC,4.56
5/20/2020,AMC,4.66
5/21/2020,AMC,4.63
5/22/2020,AMC,4.58
5/26/2020,AMC,5.11
5/27/2020,AMC,5.6
5/28/2020,AMC,5.07
5/29/2020,AMC,5.13
6/1/2020,AMC,5.31
6/2/2020,AMC,5.59
6/3/2020,AMC,5.45
6/4/2020,AMC,5.38
6/5/2020,AMC,5.91
6/8/2020,AMC,6.45
6/9/2020,AMC,5.99
6/10/2020,AMC,6.29
6/11/2020,AMC,5.17
6/12/2020,AMC,5.89
6/15/2020,AMC,5.8
6/16/2020,AMC,5.56
6/17/2020,AMC,5.42
6/18/2020,AMC,5.63
6/19/2020,AMC,5.52
6/22/2020,AMC,5.33
6/23/2020,AMC,5.1
6/24/2020,AMC,4.79
6/25/2020,AMC,4.27
6/26/2020,AMC,4.18
6/29/2020,AMC,4.42
6/30/2020,AMC,4.29
7/1/2020,AMC,4.57
7/2/2020,AMC,4.53
7/6/2020,AMC,4.28
7/7/2020,AMC,4.13
7/8/2020,AMC,4.43
7/9/2020,AMC,4.57
7/10/2020,AMC,4.6
7/13/2020,AMC,4.26
7/14/2020,AMC,4.22
7/15/2020,AMC,4.5
7/16/2020,AMC,4.38
7/17/2020,AMC,4.27
7/20/2020,AMC,4.15
7/21/2020,AMC,4.15
7/22/2020,AMC,4.03
7/23/2020,AMC,4.06
7/24/2020,AMC,4
7/27/2020,AMC,3.87
7/28/2020,AMC,4.15
7/29/2020,AMC,4.16
7/30/2020,AMC,4.12
7/31/2020,AMC,4.04
8/3/2020,AMC,4.11
8/4/2020,AMC,4.1
8/5/2020,AMC,4.15
8/6/2020,AMC,4.14
8/7/2020,AMC,4.75
8/10/2020,AMC,4.47
8/11/2020,AMC,4.56
8/12/2020,AMC,4.64
8/13/2020,AMC,5.31
8/14/2020,AMC,5.54
8/17/2020,AMC,5.6
8/18/2020,AMC,5.35
8/19/2020,AMC,5.39
8/20/2020,AMC,5.69
8/21/2020,AMC,5.19
8/24/2020,AMC,5.41
8/25/2020,AMC,5.54
8/26/2020,AMC,5.6
8/27/2020,AMC,6.52
8/28/2020,AMC,6.3
8/31/2020,AMC,5.88
9/1/2020,AMC,6.07
9/2/2020,AMC,7.04
9/3/2020,AMC,6.6
9/4/2020,AMC,7.02
9/8/2020,AMC,6.42
9/9/2020,AMC,6.26
9/10/2020,AMC,5.94
9/11/2020,AMC,5.79
9/14/2020,AMC,5.54
9/15/2020,AMC,5.52
9/16/2020,AMC,5.76
9/17/2020,AMC,5.72
9/18/2020,AMC,5.67
9/21/2020,AMC,5.32
9/22/2020,AMC,5.21
9/23/2020,AMC,4.78
9/24/2020,AMC,4.61
9/25/2020,AMC,4.88
9/28/2020,AMC,4.91
9/29/2020,AMC,4.86
9/30/2020,AMC,4.71
10/1/2020,AMC,4.65
10/2/2020,AMC,4.65
10/5/2020,AMC,4.13
10/6/2020,AMC,4.06
10/7/2020,AMC,4.04
10/8/2020,AMC,4.14
10/9/2020,AMC,4.05
10/12/2020,AMC,4.08
10/13/2020,AMC,3.54
10/14/2020,AMC,2.96
10/15/2020,AMC,2.78
10/16/2020,AMC,3.04
10/19/2020,AMC,3.54
10/20/2020,AMC,3.09
10/21/2020,AMC,3
10/22/2020,AMC,3.12
10/23/2020,AMC,2.97
10/26/2020,AMC,2.75
10/27/2020,AMC,2.79
10/28/2020,AMC,2.61
10/29/2020,AMC,2.52
10/30/2020,AMC,2.36
11/2/2020,AMC,2.15
11/3/2020,AMC,2.34
11/4/2020,AMC,2.31
11/5/2020,AMC,2.46
11/6/2020,AMC,2.49
11/9/2020,AMC,3.77
11/10/2020,AMC,3.51
11/11/2020,AMC,3.13
11/12/2020,AMC,2.94
11/13/2020,AMC,2.97
11/16/2020,AMC,3.11
11/17/2020,AMC,2.98
11/18/2020,AMC,3.26
11/19/2020,AMC,3.19
11/20/2020,AMC,3.35
11/23/2020,AMC,3.81
11/24/2020,AMC,4.58
11/25/2020,AMC,4.49
11/27/2020,AMC,4.45
11/30/2020,AMC,4.27
12/1/2020,AMC,4.15
12/2/2020,AMC,4.32
12/3/2020,AMC,3.63
12/4/2020,AMC,3.51
12/7/2020,AMC,3.56
12/8/2020,AMC,3.98
12/9/2020,AMC,3.86
12/10/2020,AMC,4.09
12/11/2020,AMC,3.92
12/14/2020,AMC,3.19
12/15/2020,AMC,2.86
12/16/2020,AMC,2.78
12/17/2020,AMC,2.85
12/18/2020,AMC,2.8
12/21/2020,AMC,2.68
12/22/2020,AMC,2.59
12/23/2020,AMC,2.56
12/24/2020,AMC,2.51
12/28/2020,AMC,2.39
12/29/2020,AMC,2.29
12/30/2020,AMC,2.16
12/31/2020,AMC,2.12
1/4/2021,AMC,2.01
1/5/2021,AMC,1.98
1/6/2021,AMC,2.01
1/7/2021,AMC,2.05
1/8/2021,AMC,2.14
1/11/2021,AMC,2.2
1/12/2021,AMC,2.29
1/13/2021,AMC,2.18
1/14/2021,AMC,2.18
1/15/2021,AMC,2.33
1/19/2021,AMC,3.06
1/20/2021,AMC,2.97
1/21/2021,AMC,2.98
1/22/2021,AMC,3.51
1/25/2021,AMC,4.42
1/26/2021,AMC,4.96
1/27/2021,AMC,19.9
1/28/2021,AMC,8.63
1/29/2021,AMC,13.26
2/1/2021,AMC,13.3
2/2/2021,AMC,7.82
2/3/2021,AMC,8.97
2/4/2021,AMC,7.09
2/5/2021,AMC,6.83
2/8/2021,AMC,6.18
2/9/2021,AMC,5.5
2/10/2021,AMC,5.8
2/11/2021,AMC,5.61
2/12/2021,AMC,5.59
2/16/2021,AMC,5.65
2/17/2021,AMC,5.55
2/18/2021,AMC,5.51
2/19/2021,AMC,5.7
2/22/2021,AMC,6.55
2/23/2021,AMC,7.7
2/24/2021,AMC,9.09
2/25/2021,AMC,8.29
2/26/2021,AMC,8.01
3/1/2021,AMC,9.18
3/2/2021,AMC,8.93
3/3/2021,AMC,8.58
3/4/2021,AMC,8.03
3/5/2021,AMC,8.05
3/8/2021,AMC,9.29
3/9/2021,AMC,10.5
3/10/2021,AMC,9.85
3/11/2021,AMC,10.28
3/12/2021,AMC,11.16
3/15/2021,AMC,14.04
3/16/2021,AMC,13.02
3/17/2021,AMC,13.56
3/18/2021,AMC,14
3/19/2021,AMC,13.93
3/22/2021,AMC,12.49
3/23/2021,AMC,10.66
3/24/2021,AMC,9.02
3/25/2021,AMC,10.94
3/26/2021,AMC,10.24
3/29/2021,AMC,10.35
3/30/2021,AMC,10.35
3/31/2021,AMC,10.21
4/1/2021,AMC,9.36
4/5/2021,AMC,10.61
4/6/2021,AMC,10.2
4/7/2021,AMC,9.85
4/8/2021,AMC,9.79
4/9/2021,AMC,9.42
4/12/2021,AMC,8.62
4/13/2021,AMC,8.84
4/14/2021,AMC,9.35
4/15/2021,AMC,9.9
4/16/2021,AMC,9.33
4/19/2021,AMC,9.66
4/20/2021,AMC,9.28
4/21/2021,AMC,9.78
4/22/2021,AMC,9.99
4/23/2021,AMC,10.16
4/26/2021,AMC,11.5
4/27/2021,AMC,11.46
4/28/2021,AMC,10.85
4/29/2021,AMC,10.2
4/30/2021,AMC,10.03
1/3/2017,GME,25.37
1/4/2017,GME,25.92
1/5/2017,GME,25
1/6/2017,GME,24.52
1/9/2017,GME,24.49
1/10/2017,GME,24.64
1/11/2017,GME,24.61
1/12/2017,GME,24.72
1/13/2017,GME,22.73
1/17/2017,GME,23.34
1/18/2017,GME,23.49
1/19/2017,GME,23.31
1/20/2017,GME,23.58
1/23/2017,GME,23.93
1/24/2017,GME,23.87
1/25/2017,GME,24.17
1/26/2017,GME,24.22
1/27/2017,GME,24.31
1/30/2017,GME,24.18
1/31/2017,GME,24.49
2/1/2017,GME,24.3
2/2/2017,GME,24.38
2/3/2017,GME,24.74
2/6/2017,GME,24.68
2/7/2017,GME,24.63
2/8/2017,GME,24.79
2/9/2017,GME,25.39
2/10/2017,GME,25.66
2/13/2017,GME,25.37
2/14/2017,GME,25.74
2/15/2017,GME,25.78
2/16/2017,GME,25.42
2/17/2017,GME,25.57
2/21/2017,GME,26.22
2/22/2017,GME,26.26
2/23/2017,GME,25.56
2/24/2017,GME,26.28
2/27/2017,GME,26.52
2/28/2017,GME,24.44
3/1/2017,GME,24.48
3/2/2017,GME,24.98
3/3/2017,GME,25.28
3/6/2017,GME,24.91
3/7/2017,GME,24.67
3/8/2017,GME,25
3/9/2017,GME,25
3/10/2017,GME,25.18
3/13/2017,GME,24.19
3/14/2017,GME,24.56
3/15/2017,GME,24.67
3/16/2017,GME,24.26
3/17/2017,GME,24.64
3/20/2017,GME,23.88
3/21/2017,GME,24.01
3/22/2017,GME,24.09
3/23/2017,GME,23.96
3/24/2017,GME,20.7
3/27/2017,GME,20.85
3/28/2017,GME,21.72
3/29/2017,GME,21.95
3/30/2017,GME,22.46
3/31/2017,GME,22.55
4/3/2017,GME,22
4/4/2017,GME,21.98
4/5/2017,GME,21.76
4/6/2017,GME,21.84
4/7/2017,GME,21.66
4/10/2017,GME,21.88
4/11/2017,GME,22.11
4/12/2017,GME,22.07
4/13/2017,GME,22.38
4/17/2017,GME,22.89
4/18/2017,GME,22.84
4/19/2017,GME,22.78
4/20/2017,GME,23.19
4/21/2017,GME,23.19
4/24/2017,GME,23.22
4/25/2017,GME,23.4
4/26/2017,GME,23.65
4/27/2017,GME,23.1
4/28/2017,GME,22.69
5/1/2017,GME,22.78
5/2/2017,GME,23.44
5/3/2017,GME,23.97
5/4/2017,GME,23.57
5/5/2017,GME,24
5/8/2017,GME,24.38
5/9/2017,GME,24.49
5/10/2017,GME,24.95
5/11/2017,GME,24.35
5/12/2017,GME,24.03
5/15/2017,GME,24.36
5/16/2017,GME,24.47
5/17/2017,GME,23.84
5/18/2017,GME,23.78
5/19/2017,GME,24.22
5/22/2017,GME,24.05
5/23/2017,GME,22.66
5/24/2017,GME,22.71
5/25/2017,GME,23.62
5/26/2017,GME,22.22
5/30/2017,GME,22.57
5/31/2017,GME,22.14
6/1/2017,GME,22.78
6/2/2017,GME,22.67
6/5/2017,GME,22.48
6/6/2017,GME,21.9
6/7/2017,GME,22.04
6/8/2017,GME,21.37
6/9/2017,GME,22.01
6/12/2017,GME,21.71
6/13/2017,GME,21.98
6/14/2017,GME,21.63
6/15/2017,GME,21.22
6/16/2017,GME,20.59
6/19/2017,GME,20.8
6/20/2017,GME,20.64
6/21/2017,GME,20.46
6/22/2017,GME,20.54
6/23/2017,GME,20.65
6/26/2017,GME,21.13
6/27/2017,GME,21.38
6/28/2017,GME,21.51
6/29/2017,GME,21.61
6/30/2017,GME,21.61
7/3/2017,GME,21.6
7/5/2017,GME,21.51
7/6/2017,GME,21.12
7/7/2017,GME,20.91
7/10/2017,GME,20.89
7/11/2017,GME,20.96
7/12/2017,GME,20.99
7/13/2017,GME,21.16
7/14/2017,GME,21.02
7/17/2017,GME,21.28
7/18/2017,GME,21.09
7/19/2017,GME,21.35
7/20/2017,GME,21.1
7/21/2017,GME,20.78
7/24/2017,GME,20.8
7/25/2017,GME,21.26
7/26/2017,GME,21.04
7/27/2017,GME,21.7
7/28/2017,GME,21.5
7/31/2017,GME,21.69
8/1/2017,GME,21.36
8/2/2017,GME,21.38
8/3/2017,GME,21.66
8/4/2017,GME,21.93
8/7/2017,GME,22.17
8/8/2017,GME,21.94
8/9/2017,GME,22.08
8/10/2017,GME,21.47
8/11/2017,GME,21.76
8/14/2017,GME,21.85
8/15/2017,GME,20.93
8/16/2017,GME,21.39
8/17/2017,GME,21.1
8/18/2017,GME,21.22
8/21/2017,GME,20.98
8/22/2017,GME,21.64
8/23/2017,GME,21.48
8/24/2017,GME,21.78
8/25/2017,GME,19.4
8/28/2017,GME,19.15
8/29/2017,GME,18.75
8/30/2017,GME,18.79
8/31/2017,GME,18.5
9/1/2017,GME,18.67
9/5/2017,GME,18.94
9/6/2017,GME,19.34
9/7/2017,GME,18.85
9/8/2017,GME,19.15
9/11/2017,GME,19.2
9/12/2017,GME,19.53
9/13/2017,GME,20.02
9/14/2017,GME,20.08
9/15/2017,GME,20.29
9/18/2017,GME,20.17
9/19/2017,GME,20.19
9/20/2017,GME,20.1
9/21/2017,GME,19.89
9/22/2017,GME,20.01
9/25/2017,GME,20.44
9/26/2017,GME,20.65
9/27/2017,GME,20.85
9/28/2017,GME,20.79
9/29/2017,GME,20.66
10/2/2017,GME,20.47
10/3/2017,GME,20.21
10/4/2017,GME,20.25
10/5/2017,GME,20.52
10/6/2017,GME,20.02
10/9/2017,GME,20.15
10/10/2017,GME,20.23
10/11/2017,GME,19.59
10/12/2017,GME,19.5
10/13/2017,GME,19.71
10/16/2017,GME,19.41
10/17/2017,GME,19.66
10/18/2017,GME,20.05
10/19/2017,GME,20.05
10/20/2017,GME,20.13
10/23/2017,GME,20.28
10/24/2017,GME,19.96
10/25/2017,GME,19.62
10/26/2017,GME,19.51
10/27/2017,GME,19.34
10/30/2017,GME,18.77
10/31/2017,GME,18.69
11/1/2017,GME,18.6
11/2/2017,GME,18.51
11/3/2017,GME,18.1
11/6/2017,GME,17.83
11/7/2017,GME,17.11
11/8/2017,GME,17.2
11/9/2017,GME,17.56
11/10/2017,GME,16.43
11/13/2017,GME,16.2
11/14/2017,GME,16.19
11/15/2017,GME,16
11/16/2017,GME,16.18
11/17/2017,GME,16.31
11/20/2017,GME,16.44
11/21/2017,GME,16.73
11/22/2017,GME,17.37
11/24/2017,GME,17.42
11/27/2017,GME,18.17
11/28/2017,GME,19.02
11/29/2017,GME,19.52
11/30/2017,GME,18.75
12/1/2017,GME,18.77
12/4/2017,GME,19.4
12/5/2017,GME,19.27
12/6/2017,GME,19.01
12/7/2017,GME,18.63
12/8/2017,GME,19.2
12/11/2017,GME,19.07
12/12/2017,GME,19.11
12/13/2017,GME,18.67
12/14/2017,GME,18.38
12/15/2017,GME,18.34
12/18/2017,GME,18.66
12/19/2017,GME,18.39
12/20/2017,GME,18.25
12/21/2017,GME,18.45
12/22/2017,GME,18.29
12/26/2017,GME,18.51
12/27/2017,GME,18.25
12/28/2017,GME,18.17
12/29/2017,GME,17.95
1/2/2018,GME,18.26
1/3/2018,GME,18.2
1/4/2018,GME,18.32
1/5/2018,GME,18.68
1/8/2018,GME,19.23
1/9/2018,GME,19.55
1/10/2018,GME,19.68
1/11/2018,GME,19.96
1/12/2018,GME,17.76
1/16/2018,GME,17.16
1/17/2018,GME,17.5
1/18/2018,GME,17.86
1/19/2018,GME,18.13
1/22/2018,GME,17.55
1/23/2018,GME,17.4
1/24/2018,GME,16.98
1/25/2018,GME,16.84
1/26/2018,GME,17.06
1/29/2018,GME,17.15
1/30/2018,GME,17.07
1/31/2018,GME,16.81
2/1/2018,GME,16.66
2/2/2018,GME,16.23
2/5/2018,GME,15.65
2/6/2018,GME,16.14
2/7/2018,GME,16.47
2/8/2018,GME,15.83
2/9/2018,GME,16.17
2/12/2018,GME,15.8
2/13/2018,GME,15.58
2/14/2018,GME,16.22
2/15/2018,GME,16.41
2/16/2018,GME,16.4
2/20/2018,GME,15.86
2/21/2018,GME,15.69
2/22/2018,GME,15.62
2/23/2018,GME,15.97
2/26/2018,GME,16.08
2/27/2018,GME,15.57
2/28/2018,GME,15.69
3/1/2018,GME,15.97
3/2/2018,GME,15.93
3/5/2018,GME,16.05
3/6/2018,GME,16.06
3/7/2018,GME,15.94
3/8/2018,GME,15.64
3/9/2018,GME,15.85
3/12/2018,GME,15.55
3/13/2018,GME,15.61
3/14/2018,GME,15.46
3/15/2018,GME,15.31
3/16/2018,GME,15.42
3/19/2018,GME,14.81
3/20/2018,GME,14.47
3/21/2018,GME,14.02
3/22/2018,GME,13.83
3/23/2018,GME,13.5
3/26/2018,GME,14.04
3/27/2018,GME,13.88
3/28/2018,GME,14.15
3/29/2018,GME,12.62
4/2/2018,GME,12.82
4/3/2018,GME,13.01
4/4/2018,GME,13.34
4/5/2018,GME,13.56
4/6/2018,GME,13.43
4/9/2018,GME,13.48
4/10/2018,GME,13.68
4/11/2018,GME,13.84
4/12/2018,GME,13.63
4/13/2018,GME,13.61
4/16/2018,GME,13.81
4/17/2018,GME,13.94
4/18/2018,GME,13.66
4/19/2018,GME,13.52
4/20/2018,GME,12.88
4/23/2018,GME,13.2
4/24/2018,GME,13.41
4/25/2018,GME,13.46
4/26/2018,GME,13.67
4/27/2018,GME,13.86
4/30/2018,GME,13.65
5/1/2018,GME,13.85
5/2/2018,GME,13.45
5/3/2018,GME,12.83
5/4/2018,GME,13
5/7/2018,GME,12.89
5/8/2018,GME,12.79
5/9/2018,GME,12.93
5/10/2018,GME,13.03
5/11/2018,GME,12.71
5/14/2018,GME,13.26
5/15/2018,GME,13.51
5/16/2018,GME,13.55
5/17/2018,GME,13.62
5/18/2018,GME,12.46
5/21/2018,GME,12.78
5/22/2018,GME,12.67
5/23/2018,GME,12.72
5/24/2018,GME,12.74
5/25/2018,GME,12.67
5/29/2018,GME,13.05
5/30/2018,GME,13.42
5/31/2018,GME,13.2
6/1/2018,GME,13.72
6/4/2018,GME,14.24
6/5/2018,GME,14.6
6/6/2018,GME,14.42
6/7/2018,GME,14.49
6/8/2018,GME,14.53
6/11/2018,GME,14.29
6/12/2018,GME,14.05
6/13/2018,GME,13.33
6/14/2018,GME,12.85
6/15/2018,GME,13.96
6/18/2018,GME,15.2
6/19/2018,GME,15.75
6/20/2018,GME,15.71
6/21/2018,GME,15.53
6/22/2018,GME,15.52
6/25/2018,GME,15.11
6/26/2018,GME,14.97
6/27/2018,GME,14.6
6/28/2018,GME,14.88
6/29/2018,GME,14.57
7/2/2018,GME,14.16
7/3/2018,GME,14.05
7/5/2018,GME,14.63
7/6/2018,GME,15.15
7/9/2018,GME,15.47
7/10/2018,GME,14.86
7/11/2018,GME,14.7
7/12/2018,GME,15.09
7/13/2018,GME,15.28
7/16/2018,GME,15.22
7/17/2018,GME,14.58
7/18/2018,GME,14.58
7/19/2018,GME,14.92
7/20/2018,GME,15.08
7/23/2018,GME,14.89
7/24/2018,GME,14.78
7/25/2018,GME,14.51
7/26/2018,GME,14.81
7/27/2018,GME,14.83
7/30/2018,GME,14.7
7/31/2018,GME,14.41
8/1/2018,GME,14.73
8/2/2018,GME,14.62
8/3/2018,GME,14.85
8/6/2018,GME,14.86
8/7/2018,GME,15.12
8/8/2018,GME,15.25
8/9/2018,GME,15.21
8/10/2018,GME,15.32
8/13/2018,GME,15.21
8/14/2018,GME,15.5
8/15/2018,GME,15.42
8/16/2018,GME,15.22
8/17/2018,GME,15.33
8/20/2018,GME,15.85
8/21/2018,GME,16.49
8/22/2018,GME,16.98
8/23/2018,GME,16.76
8/24/2018,GME,16.55
8/27/2018,GME,14.71
8/28/2018,GME,14.03
8/29/2018,GME,14.12
8/30/2018,GME,13.58
8/31/2018,GME,13.27
9/4/2018,GME,14.05
9/5/2018,GME,16.26
9/6/2018,GME,16.14
9/7/2018,GME,16.13
9/10/2018,GME,16
9/11/2018,GME,16.16
9/12/2018,GME,16.66
9/13/2018,GME,17.04
9/14/2018,GME,16.79
9/17/2018,GME,16.61
9/18/2018,GME,16.5
9/19/2018,GME,16.6
9/20/2018,GME,16.49
9/21/2018,GME,16.52
9/24/2018,GME,15.52
9/25/2018,GME,16.02
9/26/2018,GME,15.59
9/27/2018,GME,15.55
9/28/2018,GME,15.27
10/1/2018,GME,15.28
10/2/2018,GME,14.87
10/3/2018,GME,14.92
10/4/2018,GME,14.82
10/5/2018,GME,14.68
10/8/2018,GME,14.98
10/9/2018,GME,14.76
10/10/2018,GME,14.83
10/11/2018,GME,14.66
10/12/2018,GME,14.8
10/15/2018,GME,14.88
10/16/2018,GME,15.29
10/17/2018,GME,15.32
10/18/2018,GME,15.06
10/19/2018,GME,14.73
10/22/2018,GME,15.12
10/23/2018,GME,15.27
10/24/2018,GME,15.07
10/25/2018,GME,14.44
10/26/2018,GME,13.71
10/29/2018,GME,14.53
10/30/2018,GME,14.67
10/31/2018,GME,14.6
11/1/2018,GME,15.35
11/2/2018,GME,15.61
11/5/2018,GME,14.99
11/6/2018,GME,14.95
11/7/2018,GME,14.9
11/8/2018,GME,14.86
11/9/2018,GME,14.64
11/12/2018,GME,13.88
11/13/2018,GME,13.88
11/14/2018,GME,12.96
11/15/2018,GME,13.13
11/16/2018,GME,12.79
11/19/2018,GME,13.03
11/20/2018,GME,12.28
11/21/2018,GME,13.71
11/23/2018,GME,13.5
11/26/2018,GME,14.58
11/27/2018,GME,14.72
11/28/2018,GME,15.01
11/29/2018,GME,14.63
11/30/2018,GME,13.66
12/3/2018,GME,13.87
12/4/2018,GME,13.5
12/6/2018,GME,13.56
12/7/2018,GME,13.68
12/10/2018,GME,13.23
12/11/2018,GME,12.95
12/12/2018,GME,13.23
12/13/2018,GME,12.79
12/14/2018,GME,12.76
12/17/2018,GME,12.65
12/18/2018,GME,12.73
12/19/2018,GME,12.58
12/20/2018,GME,12.43
12/21/2018,GME,11.96
12/24/2018,GME,11.67
12/26/2018,GME,12.4
12/27/2018,GME,12.18
12/28/2018,GME,12.28
12/31/2018,GME,12.62
1/2/2019,GME,13.07
1/3/2019,GME,12.97
1/4/2019,GME,15.24
1/7/2019,GME,15.48
1/8/2019,GME,15.81
1/9/2019,GME,15.98
1/10/2019,GME,15.96
1/11/2019,GME,15.85
1/14/2019,GME,15.64
1/15/2019,GME,15.53
1/16/2019,GME,15.68
1/17/2019,GME,15.77
1/18/2019,GME,15.93
1/22/2019,GME,15.27
1/23/2019,GME,15.48
1/24/2019,GME,15.8
1/25/2019,GME,15.9
1/28/2019,GME,15.5
1/29/2019,GME,11.28
1/30/2019,GME,11.2
1/31/2019,GME,11.34
2/1/2019,GME,11.24
2/4/2019,GME,11.37
2/5/2019,GME,11.79
2/6/2019,GME,11.51
2/7/2019,GME,11.47
2/8/2019,GME,11.35
2/11/2019,GME,11.3
2/12/2019,GME,11.55
2/13/2019,GME,11.47
2/14/2019,GME,11.33
2/15/2019,GME,11.43
2/19/2019,GME,11.2
2/20/2019,GME,11.2
2/21/2019,GME,11.03
2/22/2019,GME,11.37
2/25/2019,GME,11.55
2/26/2019,GME,11.64
2/27/2019,GME,11.67
2/28/2019,GME,11.7
3/1/2019,GME,11.75
3/4/2019,GME,11.57
3/5/2019,GME,11.6
3/6/2019,GME,11.56
3/7/2019,GME,11.59
3/8/2019,GME,10.97
3/11/2019,GME,11.26
3/12/2019,GME,11.47
3/13/2019,GME,11.58
3/14/2019,GME,10.95
3/15/2019,GME,11.06
3/18/2019,GME,11.07
3/19/2019,GME,10.96
3/20/2019,GME,10.5
3/21/2019,GME,10.55
3/22/2019,GME,10.45
3/25/2019,GME,10.14
3/26/2019,GME,10.35
3/27/2019,GME,10.29
3/28/2019,GME,10.19
3/29/2019,GME,10.16
4/1/2019,GME,10.37
4/2/2019,GME,10.1
4/3/2019,GME,9.63
4/4/2019,GME,10.03
4/5/2019,GME,9.86
4/8/2019,GME,9.94
4/9/2019,GME,9.82
4/10/2019,GME,9.97
4/11/2019,GME,9.76
4/12/2019,GME,9.32
4/15/2019,GME,8.94
4/16/2019,GME,9.08
4/17/2019,GME,8.94
4/18/2019,GME,8.77
4/22/2019,GME,8.65
4/23/2019,GME,8.89
4/24/2019,GME,9.01
4/25/2019,GME,8.95
4/26/2019,GME,8.89
4/29/2019,GME,8.76
4/30/2019,GME,8.65
5/1/2019,GME,8.51
5/2/2019,GME,8.77
5/3/2019,GME,8.97
5/6/2019,GME,8.85
5/7/2019,GME,8.77
5/8/2019,GME,8.69
5/9/2019,GME,8.52
5/10/2019,GME,8.48
5/13/2019,GME,8.26
5/14/2019,GME,8.53
5/15/2019,GME,8.69
5/16/2019,GME,8.67
5/17/2019,GME,8.61
5/20/2019,GME,8.06
5/21/2019,GME,8.13
5/22/2019,GME,7.9
5/23/2019,GME,7.7
5/24/2019,GME,7.82
5/28/2019,GME,7.74
5/29/2019,GME,7.57
5/30/2019,GME,7.6
5/31/2019,GME,7.58
6/3/2019,GME,7.47
6/4/2019,GME,7.82
6/5/2019,GME,5.04
6/6/2019,GME,5.13
6/7/2019,GME,5.02
6/10/2019,GME,5.44
6/11/2019,GME,5.72
6/12/2019,GME,5.5
6/13/2019,GME,5.7
6/14/2019,GME,5.63
6/17/2019,GME,5.7
6/18/2019,GME,5.73
6/19/2019,GME,5.63
6/20/2019,GME,5.53
6/21/2019,GME,5.42
6/24/2019,GME,5.37
6/25/2019,GME,5.45
6/26/2019,GME,5.47
6/27/2019,GME,5.54
6/28/2019,GME,5.47
7/1/2019,GME,5.36
7/2/2019,GME,5.38
7/3/2019,GME,5.31
7/5/2019,GME,5.52
7/8/2019,GME,5.45
7/9/2019,GME,5.31
7/10/2019,GME,5.18
7/11/2019,GME,4.84
7/12/2019,GME,4.91
7/15/2019,GME,4.75
7/16/2019,GME,4.63
7/17/2019,GME,4.38
7/18/2019,GME,4.2
7/19/2019,GME,4.32
7/22/2019,GME,4.14
7/23/2019,GME,4.09
7/24/2019,GME,4.08
7/25/2019,GME,3.98
7/26/2019,GME,4.01
7/29/2019,GME,4.12
7/30/2019,GME,4.03
7/31/2019,GME,4.02
8/1/2019,GME,3.84
8/2/2019,GME,3.78
8/5/2019,GME,3.71
8/6/2019,GME,3.81
8/7/2019,GME,3.81
8/8/2019,GME,3.89
8/9/2019,GME,3.59
8/12/2019,GME,3.51
8/13/2019,GME,3.47
8/14/2019,GME,3.32
8/15/2019,GME,3.21
8/16/2019,GME,3.32
8/19/2019,GME,3.38
8/20/2019,GME,3.42
8/21/2019,GME,3.54
8/22/2019,GME,3.87
8/23/2019,GME,3.65
8/26/2019,GME,3.82
8/27/2019,GME,3.7
8/28/2019,GME,3.88
8/29/2019,GME,4.23
8/30/2019,GME,3.97
9/3/2019,GME,3.81
9/4/2019,GME,3.98
9/5/2019,GME,4.23
9/6/2019,GME,4.31
9/9/2019,GME,4.76
9/10/2019,GME,5.09
9/11/2019,GME,4.59
9/12/2019,GME,4.58
9/13/2019,GME,4.41
9/16/2019,GME,4.35
9/17/2019,GME,4.33
9/18/2019,GME,4.6
9/19/2019,GME,4.44
9/20/2019,GME,4.7
9/23/2019,GME,5.02
9/24/2019,GME,5.01
9/25/2019,GME,5.2
9/26/2019,GME,5.28
9/27/2019,GME,5.34
9/30/2019,GME,5.52
10/1/2019,GME,5.58
10/2/2019,GME,5.32
10/3/2019,GME,5.42
10/4/2019,GME,5.55
10/7/2019,GME,5.49
10/8/2019,GME,5.23
10/9/2019,GME,4.99
10/10/2019,GME,5.05
10/11/2019,GME,5.37
10/14/2019,GME,5.58
10/15/2019,GME,5.61
10/16/2019,GME,5.88
10/17/2019,GME,6.03
10/18/2019,GME,5.94
10/21/2019,GME,5.93
10/22/2019,GME,6.39
10/23/2019,GME,6.43
10/24/2019,GME,6.42
10/25/2019,GME,6.35
10/28/2019,GME,6.19
10/29/2019,GME,5.81
10/30/2019,GME,5.73
10/31/2019,GME,5.44
11/1/2019,GME,5.84
11/4/2019,GME,5.85
11/5/2019,GME,5.91
11/6/2019,GME,6.09
11/7/2019,GME,6.22
11/8/2019,GME,6.09
11/11/2019,GME,6.02
11/12/2019,GME,5.92
11/13/2019,GME,5.94
11/14/2019,GME,5.98
11/15/2019,GME,5.88
11/18/2019,GME,5.62
11/19/2019,GME,5.5
11/20/2019,GME,5.46
11/21/2019,GME,5.5
11/22/2019,GME,5.66
11/25/2019,GME,6.03
11/26/2019,GME,6.1
11/27/2019,GME,6.35
11/29/2019,GME,6.34
12/2/2019,GME,6.17
12/3/2019,GME,6.12
12/4/2019,GME,6.43
12/5/2019,GME,6.4
12/6/2019,GME,6.68
12/9/2019,GME,6.33
12/10/2019,GME,6.51
12/11/2019,GME,5.53
12/12/2019,GME,5.58
12/13/2019,GME,5.45
12/16/2019,GME,5.5
12/17/2019,GME,6.06
12/18/2019,GME,6.16
12/19/2019,GME,6.06
12/20/2019,GME,5.99
12/23/2019,GME,5.61
12/24/2019,GME,5.44
12/26/2019,GME,5.4
12/27/2019,GME,5.9
12/30/2019,GME,6.13
12/31/2019,GME,6.08
1/2/2020,GME,6.31
1/3/2020,GME,5.88
1/6/2020,GME,5.85
1/7/2020,GME,5.52
1/8/2020,GME,5.72
1/9/2020,GME,5.55
1/10/2020,GME,5.43
1/13/2020,GME,5.43
1/14/2020,GME,4.71
1/15/2020,GME,4.61
1/16/2020,GME,4.62
1/17/2020,GME,4.75
1/21/2020,GME,4.59
1/22/2020,GME,4.56
1/23/2020,GME,4.62
1/24/2020,GME,4.32
1/27/2020,GME,4.28
1/28/2020,GME,4.21
1/29/2020,GME,4.13
1/30/2020,GME,3.93
1/31/2020,GME,3.84
2/3/2020,GME,3.95
2/4/2020,GME,4.07
2/5/2020,GME,4.18
2/6/2020,GME,4.14
2/7/2020,GME,3.81
2/10/2020,GME,3.94
2/11/2020,GME,4.02
2/12/2020,GME,4.19
2/13/2020,GME,4.11
2/14/2020,GME,4.02
2/18/2020,GME,4.06
2/19/2020,GME,4.15
2/20/2020,GME,4.14
2/21/2020,GME,4.04
2/24/2020,GME,3.7
2/25/2020,GME,3.56
2/26/2020,GME,3.39
2/27/2020,GME,3.47
2/28/2020,GME,3.6
3/2/2020,GME,3.83
3/3/2020,GME,3.63
3/4/2020,GME,3.77
3/5/2020,GME,3.96
3/6/2020,GME,3.92
3/9/2020,GME,3.7
3/10/2020,GME,4.23
3/11/2020,GME,4.14
3/12/2020,GME,3.98
3/13/2020,GME,4.59
3/16/2020,GME,4.37
3/17/2020,GME,4.23
3/18/2020,GME,3.77
3/19/2020,GME,4.19
3/20/2020,GME,3.76
3/23/2020,GME,3.81
3/24/2020,GME,4.16
3/25/2020,GME,4.17
3/26/2020,GME,4.41
3/27/2020,GME,4.22
3/30/2020,GME,3.65
3/31/2020,GME,3.5
4/1/2020,GME,3.25
4/2/2020,GME,2.85
4/3/2020,GME,2.8
4/6/2020,GME,3.09
4/7/2020,GME,3.27
4/8/2020,GME,3.41
4/9/2020,GME,3.89
4/13/2020,GME,4.74
4/14/2020,GME,5.95
4/15/2020,GME,5.27
4/16/2020,GME,5.03
4/17/2020,GME,4.88
4/20/2020,GME,5.61
4/21/2020,GME,4.78
4/22/2020,GME,4.89
4/23/2020,GME,4.7
4/24/2020,GME,4.77
4/27/2020,GME,5.82
4/28/2020,GME,5.64
4/29/2020,GME,6.04
4/30/2020,GME,5.73
5/1/2020,GME,6.05
5/4/2020,GME,5.48
5/5/2020,GME,5.39
5/6/2020,GME,4.93
5/7/2020,GME,4.87
5/8/2020,GME,4.98
5/11/2020,GME,4.76
5/12/2020,GME,4.54
5/13/2020,GME,4.21
5/14/2020,GME,4.13
5/15/2020,GME,4.22
5/18/2020,GME,4.58
5/19/2020,GME,4.44
5/20/2020,GME,4.43
5/21/2020,GME,4.44
5/22/2020,GME,4.18
5/26/2020,GME,4.42
5/27/2020,GME,4.69
5/28/2020,GME,4.33
5/29/2020,GME,4.06
6/1/2020,GME,4.13
6/2/2020,GME,4.18
6/3/2020,GME,4.44
6/4/2020,GME,4.47
6/5/2020,GME,4.14
6/8/2020,GME,5.01
6/9/2020,GME,4.96
6/10/2020,GME,5.07
6/11/2020,GME,4.37
6/12/2020,GME,4.72
6/15/2020,GME,4.69
6/16/2020,GME,4.64
6/17/2020,GME,4.76
6/18/2020,GME,4.95
6/19/2020,GME,4.88
6/22/2020,GME,4.87
6/23/2020,GME,4.83
6/24/2020,GME,4.41
6/25/2020,GME,4.46
6/26/2020,GME,4.35
6/29/2020,GME,4.38
6/30/2020,GME,4.34
7/1/2020,GME,4.44
7/2/2020,GME,4.29
7/6/2020,GME,4.24
7/7/2020,GME,4.09
7/8/2020,GME,4.26
7/9/2020,GME,4.21
7/10/2020,GME,4.34
7/13/2020,GME,4.26
7/14/2020,GME,4.08
7/15/2020,GME,4.19
7/16/2020,GME,4.17
7/17/2020,GME,3.96
7/20/2020,GME,3.85
7/21/2020,GME,4.01
7/22/2020,GME,4.11
7/23/2020,GME,4.11
7/24/2020,GME,4.03
7/27/2020,GME,4.01
7/28/2020,GME,3.94
7/29/2020,GME,4.06
7/30/2020,GME,4.1
7/31/2020,GME,4.01
8/3/2020,GME,4.15
8/4/2020,GME,4.43
8/5/2020,GME,4.63
8/6/2020,GME,4.43
8/7/2020,GME,4.16
8/10/2020,GME,4.33
8/11/2020,GME,4.35
8/12/2020,GME,4.52
8/13/2020,GME,4.64
8/14/2020,GME,4.75
8/17/2020,GME,4.63
8/18/2020,GME,4.81
8/19/2020,GME,4.72
8/20/2020,GME,4.61
8/21/2020,GME,5.03
8/24/2020,GME,4.87
8/25/2020,GME,4.98
8/26/2020,GME,5.11
8/27/2020,GME,5.25
8/28/2020,GME,5.39
8/31/2020,GME,6.68
9/1/2020,GME,7.65
9/2/2020,GME,7.71
9/3/2020,GME,7.82
9/4/2020,GME,7.65
9/8/2020,GME,7.7
9/9/2020,GME,7.35
9/10/2020,GME,6.23
9/11/2020,GME,6.09
9/14/2020,GME,6.91
9/15/2020,GME,7.09
9/16/2020,GME,8.68
9/17/2020,GME,9.2
9/18/2020,GME,9.47
9/21/2020,GME,8.75
9/22/2020,GME,10.56
9/23/2020,GME,10.04
9/24/2020,GME,9.14
9/25/2020,GME,10.02
9/28/2020,GME,10.09
9/29/2020,GME,10.35
9/30/2020,GME,10.2
10/1/2020,GME,9.77
10/2/2020,GME,9.39
10/5/2020,GME,9.46
10/6/2020,GME,9.13
10/7/2020,GME,9.36
10/8/2020,GME,13.49
10/9/2020,GME,12.02
10/12/2020,GME,11.8
10/13/2020,GME,11.88
10/14/2020,GME,12.25
10/15/2020,GME,13.83
10/16/2020,GME,13.31
10/19/2020,GME,13.91
10/20/2020,GME,13.86
10/21/2020,GME,14.1
10/22/2020,GME,14.91
10/23/2020,GME,15
10/26/2020,GME,13.45
10/27/2020,GME,12.69
10/28/2020,GME,11.82
10/29/2020,GME,11.73
10/30/2020,GME,10.47
11/2/2020,GME,10.75
11/3/2020,GME,11.57
11/4/2020,GME,10.91
11/5/2020,GME,11.45
11/6/2020,GME,11.86
11/9/2020,GME,11.49
11/10/2020,GME,11.1
11/11/2020,GME,11.75
11/12/2020,GME,11.13
11/13/2020,GME,11.01
11/16/2020,GME,12.06
11/17/2020,GME,11.63
11/18/2020,GME,11.57
11/19/2020,GME,12.46
11/20/2020,GME,12.71
11/23/2020,GME,13.9
11/24/2020,GME,13.67
11/25/2020,GME,14.75
11/27/2020,GME,16.08
11/30/2020,GME,16.56
12/1/2020,GME,15.8
12/2/2020,GME,16.58
12/3/2020,GME,16.12
12/4/2020,GME,16.9
12/7/2020,GME,16.35
12/8/2020,GME,16.94
12/9/2020,GME,13.66
12/10/2020,GME,14.12
12/11/2020,GME,13.31
12/14/2020,GME,12.72
12/15/2020,GME,13.85
12/16/2020,GME,13.85
12/17/2020,GME,14.83
12/18/2020,GME,15.63
12/21/2020,GME,15.53
12/22/2020,GME,19.46
12/23/2020,GME,20.57
12/24/2020,GME,20.15
12/28/2020,GME,20.99
12/29/2020,GME,19.38
12/30/2020,GME,19.26
12/31/2020,GME,18.84
1/4/2021,GME,17.25
1/5/2021,GME,17.37
1/6/2021,GME,18.36
1/7/2021,GME,18.08
1/8/2021,GME,17.69
1/11/2021,GME,19.94
1/12/2021,GME,19.95
1/13/2021,GME,31.4
1/14/2021,GME,39.91
1/15/2021,GME,35.5
1/19/2021,GME,39.36
1/20/2021,GME,39.12
1/21/2021,GME,43.03
1/22/2021,GME,65.01
1/25/2021,GME,76.79
1/26/2021,GME,147.98
1/27/2021,GME,347.51
1/28/2021,GME,193.6
1/29/2021,GME,325
2/1/2021,GME,225
2/2/2021,GME,90
2/3/2021,GME,92.41
2/4/2021,GME,53.5
2/5/2021,GME,63.77
2/8/2021,GME,60
2/9/2021,GME,50.31
2/10/2021,GME,51.2
2/11/2021,GME,51.1
2/12/2021,GME,52.4
2/16/2021,GME,49.51
2/17/2021,GME,45.94
2/18/2021,GME,40.69
2/19/2021,GME,40.59
2/22/2021,GME,46
2/23/2021,GME,44.97
2/24/2021,GME,91.71
2/25/2021,GME,108.73
2/26/2021,GME,101.74
3/1/2021,GME,120.4
3/2/2021,GME,118.18
3/3/2021,GME,124.18
3/4/2021,GME,132.35
3/5/2021,GME,137.74
3/8/2021,GME,194.5
3/9/2021,GME,246.9
3/10/2021,GME,265
3/11/2021,GME,260
3/12/2021,GME,264.5
3/15/2021,GME,220.14
3/16/2021,GME,208.17
3/17/2021,GME,209.81
3/18/2021,GME,201.75
3/19/2021,GME,200.27
3/22/2021,GME,194.49
3/23/2021,GME,181.75
3/24/2021,GME,120.34
3/25/2021,GME,183.75
3/26/2021,GME,181
3/29/2021,GME,181.3
3/30/2021,GME,194.46
3/31/2021,GME,189.82
4/1/2021,GME,191.45
4/5/2021,GME,186.95
4/6/2021,GME,184.5
4/7/2021,GME,177.97
4/8/2021,GME,170.26
4/9/2021,GME,158.36
4/12/2021,GME,141.09
4/13/2021,GME,140.99
4/14/2021,GME,166.53
4/15/2021,GME,156.44
4/16/2021,GME,154.69
4/19/2021,GME,164.37
4/20/2021,GME,158.53
4/21/2021,GME,158.51
4/22/2021,GME,151.17
4/23/2021,GME,151.18
4/26/2021,GME,168.93
4/27/2021,GME,177.77
4/28/2021,GME,178.58
4/29/2021,GME,176.19
4/30/2021,GME,173.59
1/3/2017,BB,6.96
1/4/2017,BB,7.11
1/5/2017,BB,7.12
1/6/2017,BB,7.16
1/9/2017,BB,7.12
1/10/2017,BB,7.12
1/11/2017,BB,7.22
1/12/2017,BB,7.23
1/13/2017,BB,7.27
1/17/2017,BB,7.16
1/18/2017,BB,7.21
1/19/2017,BB,7.1
1/20/2017,BB,7.13
1/23/2017,BB,7.13
1/24/2017,BB,7.21
1/25/2017,BB,7.32
1/26/2017,BB,7.31
1/27/2017,BB,7.19
1/30/2017,BB,7.05
1/31/2017,BB,7.06
2/1/2017,BB,7
2/2/2017,BB,7
2/3/2017,BB,7
2/6/2017,BB,7.01
2/7/2017,BB,7.14
2/8/2017,BB,7.23
2/9/2017,BB,7.3
2/10/2017,BB,7.38
2/13/2017,BB,7.39
2/14/2017,BB,7.35
2/15/2017,BB,7.4
2/16/2017,BB,7.35
2/17/2017,BB,7.49
2/21/2017,BB,7.32
2/22/2017,BB,7.24
2/23/2017,BB,7.16
2/24/2017,BB,7.08
2/27/2017,BB,7.1
2/28/2017,BB,6.96
3/1/2017,BB,6.89
3/2/2017,BB,6.89
3/3/2017,BB,6.88
3/6/2017,BB,6.76
3/7/2017,BB,6.77
3/8/2017,BB,6.68
3/9/2017,BB,6.79
3/10/2017,BB,6.84
3/13/2017,BB,7.02
3/14/2017,BB,7.04
3/15/2017,BB,7.14
3/16/2017,BB,7.17
3/17/2017,BB,7.15
3/20/2017,BB,7.2
3/21/2017,BB,7.01
3/22/2017,BB,7.04
3/23/2017,BB,7.11
3/24/2017,BB,7.07
3/27/2017,BB,7.09
3/28/2017,BB,7.03
3/29/2017,BB,7.01
3/30/2017,BB,6.95
3/31/2017,BB,7.75
4/3/2017,BB,7.8
4/4/2017,BB,8.07
4/5/2017,BB,7.92
4/6/2017,BB,7.92
4/7/2017,BB,7.81
4/10/2017,BB,7.71
4/11/2017,BB,7.7
4/12/2017,BB,8.93
4/13/2017,BB,8.64
4/17/2017,BB,8.77
4/18/2017,BB,8.73
4/19/2017,BB,8.93
4/20/2017,BB,9.1
4/21/2017,BB,9.08
4/24/2017,BB,9.29
4/25/2017,BB,9.19
4/26/2017,BB,9.2
4/27/2017,BB,9.32
4/28/2017,BB,9.34
5/1/2017,BB,9.32
5/2/2017,BB,9.27
5/3/2017,BB,9.27
5/4/2017,BB,9.25
5/5/2017,BB,9.49
5/8/2017,BB,9.4
5/9/2017,BB,9.47
5/10/2017,BB,9.52
5/11/2017,BB,9.38
5/12/2017,BB,9.35
5/15/2017,BB,9.63
5/16/2017,BB,10.18
5/17/2017,BB,10.1
5/18/2017,BB,10.11
5/19/2017,BB,10.38
5/22/2017,BB,11.32
5/23/2017,BB,11.3
5/24/2017,BB,11.09
5/25/2017,BB,11.22
5/26/2017,BB,11.11
5/30/2017,BB,10.61
5/31/2017,BB,10.57
6/1/2017,BB,11.39
6/2/2017,BB,11.29
6/5/2017,BB,11.15
6/6/2017,BB,11.15
6/7/2017,BB,11.04
6/8/2017,BB,11.17
6/9/2017,BB,11.03
6/12/2017,BB,10.6
6/13/2017,BB,10.84
6/14/2017,BB,10.57
6/15/2017,BB,10.54
6/16/2017,BB,10.53
6/19/2017,BB,10.74
6/20/2017,BB,10.73
6/21/2017,BB,10.65
6/22/2017,BB,11.06
6/23/2017,BB,9.71
6/26/2017,BB,10.27
6/27/2017,BB,9.99
6/28/2017,BB,10.23
6/29/2017,BB,10
6/30/2017,BB,9.99
7/3/2017,BB,9.91
7/5/2017,BB,9.9
7/6/2017,BB,9.71
7/7/2017,BB,9.9
7/10/2017,BB,9.86
7/11/2017,BB,9.94
7/12/2017,BB,9.9
7/13/2017,BB,9.89
7/14/2017,BB,9.97
7/17/2017,BB,9.94
7/18/2017,BB,9.88
7/19/2017,BB,10.14
7/20/2017,BB,10.13
7/21/2017,BB,10.04
7/24/2017,BB,10.09
7/25/2017,BB,9.98
7/26/2017,BB,9.87
7/27/2017,BB,9.74
7/28/2017,BB,9.72
7/31/2017,BB,9.38
8/1/2017,BB,9.51
8/2/2017,BB,9.5
8/3/2017,BB,9.42
8/4/2017,BB,9.44
8/7/2017,BB,9.1
8/8/2017,BB,9.03
8/9/2017,BB,8.95
8/10/2017,BB,8.73
8/11/2017,BB,8.78
8/14/2017,BB,8.95
8/15/2017,BB,8.82
8/16/2017,BB,8.83
8/17/2017,BB,8.72
8/18/2017,BB,8.68
8/21/2017,BB,8.58
8/22/2017,BB,8.79
8/23/2017,BB,8.83
8/24/2017,BB,8.95
8/25/2017,BB,8.99
8/28/2017,BB,8.99
8/29/2017,BB,9.03
8/30/2017,BB,9.07
8/31/2017,BB,9.27
9/1/2017,BB,9.18
9/5/2017,BB,9.01
9/6/2017,BB,9.06
9/7/2017,BB,9.11
9/8/2017,BB,9.01
9/11/2017,BB,9.16
9/12/2017,BB,9.28
9/13/2017,BB,9.18
9/14/2017,BB,9.27
9/15/2017,BB,9.27
9/18/2017,BB,9.26
9/19/2017,BB,9.14
9/20/2017,BB,9.85
9/21/2017,BB,9.61
9/22/2017,BB,9.13
9/25/2017,BB,9.14
9/26/2017,BB,9.14
9/27/2017,BB,9.23
9/28/2017,BB,10.47
9/29/2017,BB,11.18
10/2/2017,BB,11.34
10/3/2017,BB,11.12
10/4/2017,BB,11.08
10/5/2017,BB,11.02
10/6/2017,BB,11.07
10/9/2017,BB,11.27
10/10/2017,BB,11.34
10/11/2017,BB,11.39
10/12/2017,BB,11.49
10/13/2017,BB,11.57
10/16/2017,BB,11.37
10/17/2017,BB,11.27
10/18/2017,BB,11.25
10/19/2017,BB,11.23
10/20/2017,BB,11.12
10/23/2017,BB,11
10/24/2017,BB,11.02
10/25/2017,BB,10.75
10/26/2017,BB,10.74
10/27/2017,BB,10.69
10/30/2017,BB,11.09
10/31/2017,BB,10.94
11/1/2017,BB,10.78
11/2/2017,BB,10.71
11/3/2017,BB,10.95
11/6/2017,BB,10.97
11/7/2017,BB,10.83
11/8/2017,BB,10.82
11/9/2017,BB,10.76
11/10/2017,BB,10.78
11/13/2017,BB,10.69
11/14/2017,BB,10.4
11/15/2017,BB,10.33
11/16/2017,BB,10.38
11/17/2017,BB,10.3
11/20/2017,BB,10.24
11/21/2017,BB,10.54
11/22/2017,BB,10.73
11/24/2017,BB,10.79
11/27/2017,BB,10.88
11/28/2017,BB,10.93
11/29/2017,BB,10.65
11/30/2017,BB,10.77
12/1/2017,BB,10.79
12/4/2017,BB,10.44
12/5/2017,BB,10.34
12/6/2017,BB,10.21
12/7/2017,BB,10.29
12/8/2017,BB,10.25
12/11/2017,BB,10.56
12/12/2017,BB,10.66
12/13/2017,BB,10.65
12/14/2017,BB,10.67
12/15/2017,BB,10.84
12/18/2017,BB,10.94
12/19/2017,BB,10.87
12/20/2017,BB,12.17
12/21/2017,BB,11.8
12/22/2017,BB,11.6
12/26/2017,BB,11.28
12/27/2017,BB,11.22
12/28/2017,BB,11.35
12/29/2017,BB,11.17
1/2/2018,BB,12.02
1/3/2018,BB,13.53
1/4/2018,BB,13.37
1/5/2018,BB,13.83
1/8/2018,BB,14.12
1/9/2018,BB,14.4
1/10/2018,BB,13.67
1/11/2018,BB,13.45
1/12/2018,BB,13.65
1/16/2018,BB,13.81
1/17/2018,BB,13.67
1/18/2018,BB,13.25
1/19/2018,BB,13.31
1/22/2018,BB,13.28
1/23/2018,BB,13.53
1/24/2018,BB,13.25
1/25/2018,BB,13.05
1/26/2018,BB,13.43
1/29/2018,BB,13
1/30/2018,BB,12.58
1/31/2018,BB,12.66
2/1/2018,BB,12.9
2/2/2018,BB,12.41
2/5/2018,BB,11.86
2/6/2018,BB,12
2/7/2018,BB,11.75
2/8/2018,BB,11.41
2/9/2018,BB,11.61
2/12/2018,BB,11.73
2/13/2018,BB,11.77
2/14/2018,BB,12.1
2/15/2018,BB,12.12
2/16/2018,BB,12.06
2/20/2018,BB,12.11
2/21/2018,BB,12.2
2/22/2018,BB,11.91
2/23/2018,BB,12.55
2/26/2018,BB,12.58
2/27/2018,BB,12.35
2/28/2018,BB,12.14
3/1/2018,BB,12.11
3/2/2018,BB,12.36
3/5/2018,BB,12.39
3/6/2018,BB,12.44
3/7/2018,BB,12.5
3/8/2018,BB,12.89
3/9/2018,BB,12.87
3/12/2018,BB,12.82
3/13/2018,BB,12.61
3/14/2018,BB,12.8
3/15/2018,BB,13.25
3/16/2018,BB,12.95
3/19/2018,BB,12.72
3/20/2018,BB,13.08
3/21/2018,BB,13.16
3/22/2018,BB,12.82
3/23/2018,BB,12.44
3/26/2018,BB,13.09
3/27/2018,BB,12.4
3/28/2018,BB,12.2
3/29/2018,BB,11.5
4/2/2018,BB,10.72
4/3/2018,BB,10.44
4/4/2018,BB,10.53
4/5/2018,BB,10.47
4/6/2018,BB,10.19
4/9/2018,BB,10.18
4/10/2018,BB,10.63
4/11/2018,BB,10.35
4/12/2018,BB,10.54
4/13/2018,BB,10.5
4/16/2018,BB,10.51
4/17/2018,BB,10.77
4/18/2018,BB,10.79
4/19/2018,BB,10.6
4/20/2018,BB,10.63
4/23/2018,BB,10.64
4/24/2018,BB,10.4
4/25/2018,BB,10.37
4/26/2018,BB,10.55
4/27/2018,BB,10.45
4/30/2018,BB,10.47
5/1/2018,BB,10.53
5/2/2018,BB,10.85
5/3/2018,BB,10.71
5/4/2018,BB,10.84
5/7/2018,BB,10.99
5/8/2018,BB,11.12
5/9/2018,BB,11.58
5/10/2018,BB,11.88
5/11/2018,BB,11.6
5/14/2018,BB,11.62
5/15/2018,BB,11.7
5/16/2018,BB,11.61
5/17/2018,BB,11.58
5/18/2018,BB,11.54
5/21/2018,BB,11.52
5/22/2018,BB,11.59
5/23/2018,BB,11.6
5/24/2018,BB,11.57
5/25/2018,BB,11.75
5/29/2018,BB,11.73
5/30/2018,BB,11.9
5/31/2018,BB,11.83
6/1/2018,BB,11.64
6/4/2018,BB,11.91
6/5/2018,BB,12.16
6/6/2018,BB,12.54
6/7/2018,BB,12.25
6/8/2018,BB,12.1
6/11/2018,BB,12.07
6/12/2018,BB,12.33
6/13/2018,BB,12.33
6/14/2018,BB,12.22
6/15/2018,BB,12.31
6/18/2018,BB,12.2
6/19/2018,BB,11.89
6/20/2018,BB,11.9
6/21/2018,BB,11.7
6/22/2018,BB,10.68
6/25/2018,BB,10.01
6/26/2018,BB,10.12
6/27/2018,BB,9.7
6/28/2018,BB,9.76
6/29/2018,BB,9.65
7/2/2018,BB,9.96
7/3/2018,BB,10
7/5/2018,BB,9.8
7/6/2018,BB,9.92
7/9/2018,BB,10.04
7/10/2018,BB,10.08
7/11/2018,BB,9.88
7/12/2018,BB,10.09
7/13/2018,BB,10.2
7/16/2018,BB,10.1
7/17/2018,BB,10.11
7/18/2018,BB,10.01
7/19/2018,BB,10.33
7/20/2018,BB,10.28
7/23/2018,BB,10.39
7/24/2018,BB,10.23
7/25/2018,BB,10.32
7/26/2018,BB,10.26
7/27/2018,BB,9.99
7/30/2018,BB,9.7
7/31/2018,BB,9.81
8/1/2018,BB,9.74
8/2/2018,BB,10.01
8/3/2018,BB,10.07
8/6/2018,BB,10.19
8/7/2018,BB,9.85
8/8/2018,BB,10.32
8/9/2018,BB,10.46
8/10/2018,BB,10.3
8/13/2018,BB,10.29
8/14/2018,BB,10.22
8/15/2018,BB,9.95
8/16/2018,BB,10.08
8/17/2018,BB,10.07
8/20/2018,BB,10.14
8/21/2018,BB,10.12
8/22/2018,BB,10.17
8/23/2018,BB,10.26
8/24/2018,BB,10.6
8/27/2018,BB,10.78
8/28/2018,BB,10.94
8/29/2018,BB,10.82
8/30/2018,BB,10.6
8/31/2018,BB,10.67
9/4/2018,BB,10.64
9/5/2018,BB,9.97
9/6/2018,BB,9.85
9/7/2018,BB,10.02
9/10/2018,BB,9.97
9/11/2018,BB,10.3
9/12/2018,BB,10.28
9/13/2018,BB,10.26
9/14/2018,BB,10.3
9/17/2018,BB,10.11
9/18/2018,BB,10.26
9/19/2018,BB,10.21
9/20/2018,BB,10.34
9/21/2018,BB,10.41
9/24/2018,BB,10.42
9/25/2018,BB,10.4
9/26/2018,BB,10.32
9/27/2018,BB,10.19
9/28/2018,BB,11.38
10/1/2018,BB,10.83
10/2/2018,BB,10.36
10/3/2018,BB,10.56
10/4/2018,BB,10.26
10/5/2018,BB,10.02
10/8/2018,BB,9.94
10/9/2018,BB,9.76
10/10/2018,BB,9.25
10/11/2018,BB,9.51
10/12/2018,BB,9.6
10/15/2018,BB,9.47
10/16/2018,BB,9.77
10/17/2018,BB,9.74
10/18/2018,BB,9.61
10/19/2018,BB,9.32
10/22/2018,BB,9.47
10/23/2018,BB,9.36
10/24/2018,BB,8.83
10/25/2018,BB,9.14
10/26/2018,BB,8.96
10/29/2018,BB,8.81
10/30/2018,BB,9.02
10/31/2018,BB,9.25
11/1/2018,BB,9.53
11/2/2018,BB,9.37
11/5/2018,BB,9.34
11/6/2018,BB,9.44
11/7/2018,BB,9.63
11/8/2018,BB,9.57
11/9/2018,BB,9.3
11/12/2018,BB,8.96
11/13/2018,BB,8.96
11/14/2018,BB,8.84
11/15/2018,BB,8.86
11/16/2018,BB,8.97
11/19/2018,BB,8.59
11/20/2018,BB,8.66
11/21/2018,BB,8.78
11/23/2018,BB,8.67
11/26/2018,BB,8.94
11/27/2018,BB,8.86
11/28/2018,BB,8.91
11/29/2018,BB,8.8
11/30/2018,BB,8.79
12/3/2018,BB,8.84
12/4/2018,BB,8.41
12/6/2018,BB,8.26
12/7/2018,BB,8
12/10/2018,BB,7.9
12/11/2018,BB,7.86
12/12/2018,BB,7.97
12/13/2018,BB,7.71
12/14/2018,BB,7.6
12/17/2018,BB,7.44
12/18/2018,BB,7.47
12/19/2018,BB,7.35
12/20/2018,BB,7.55
12/21/2018,BB,6.91
12/24/2018,BB,6.77
12/26/2018,BB,7
12/27/2018,BB,7.05
12/28/2018,BB,7.16
12/31/2018,BB,7.11
1/2/2019,BB,7.11
1/3/2019,BB,6.88
1/4/2019,BB,7.23
1/7/2019,BB,7.43
1/8/2019,BB,7.41
1/9/2019,BB,7.47
1/10/2019,BB,7.52
1/11/2019,BB,7.57
1/14/2019,BB,7.49
1/15/2019,BB,7.53
1/16/2019,BB,7.66
1/17/2019,BB,7.69
1/18/2019,BB,7.86
1/22/2019,BB,7.6
1/23/2019,BB,7.72
1/24/2019,BB,7.77
1/25/2019,BB,8.1
1/28/2019,BB,8.01
1/29/2019,BB,7.96
1/30/2019,BB,8.13
1/31/2019,BB,8.07
2/1/2019,BB,8.11
2/4/2019,BB,8.22
2/5/2019,BB,8.34
2/6/2019,BB,8.31
2/7/2019,BB,8.1
2/8/2019,BB,8.11
2/11/2019,BB,8.26
2/12/2019,BB,8.42
2/13/2019,BB,8.49
2/14/2019,BB,8.49
2/15/2019,BB,8.7
2/19/2019,BB,8.74
2/20/2019,BB,8.52
2/21/2019,BB,8.37
2/22/2019,BB,8.63
2/25/2019,BB,8.75
2/26/2019,BB,8.67
2/27/2019,BB,8.68
2/28/2019,BB,8.7
3/1/2019,BB,8.79
3/4/2019,BB,8.74
3/5/2019,BB,8.71
3/6/2019,BB,9.08
3/7/2019,BB,9.02
3/8/2019,BB,9.18
3/11/2019,BB,9.26
3/12/2019,BB,9.43
3/13/2019,BB,9.44
3/14/2019,BB,9.36
3/15/2019,BB,9.42
3/18/2019,BB,9.4
3/19/2019,BB,9.36
3/20/2019,BB,9.37
3/21/2019,BB,9.36
3/22/2019,BB,9.02
3/25/2019,BB,8.83
3/26/2019,BB,8.82
3/27/2019,BB,8.76
3/28/2019,BB,8.88
3/29/2019,BB,10.09
4/1/2019,BB,9.62
4/2/2019,BB,9.6
4/3/2019,BB,9.58
4/4/2019,BB,9.31
4/5/2019,BB,9.32
4/8/2019,BB,9.36
4/9/2019,BB,9.31
4/10/2019,BB,9.3
4/11/2019,BB,9.37
4/12/2019,BB,9.27
4/15/2019,BB,9.2
4/16/2019,BB,9.3
4/17/2019,BB,9.21
4/18/2019,BB,9.21
4/22/2019,BB,9.26
4/23/2019,BB,9.2
4/24/2019,BB,8.91
4/25/2019,BB,9.05
4/26/2019,BB,9.19
4/29/2019,BB,9.29
4/30/2019,BB,9.18
5/1/2019,BB,9.07
5/2/2019,BB,9.22
5/3/2019,BB,9.39
5/6/2019,BB,9.16
5/7/2019,BB,8.99
5/8/2019,BB,8.93
5/9/2019,BB,8.84
5/10/2019,BB,8.83
5/13/2019,BB,8.36
5/14/2019,BB,8.47
5/15/2019,BB,8.57
5/16/2019,BB,8.63
5/17/2019,BB,8.45
5/20/2019,BB,8.19
5/21/2019,BB,8.25
5/22/2019,BB,8.31
5/23/2019,BB,8.04
5/24/2019,BB,8.07
5/28/2019,BB,8.05
5/29/2019,BB,7.9
5/30/2019,BB,7.92
5/31/2019,BB,7.85
6/3/2019,BB,7.81
6/4/2019,BB,8.04
6/5/2019,BB,7.9
6/6/2019,BB,7.84
6/7/2019,BB,7.94
6/10/2019,BB,7.92
6/11/2019,BB,8.26
6/12/2019,BB,8.73
6/13/2019,BB,8.68
6/14/2019,BB,8.55
6/17/2019,BB,8.61
6/18/2019,BB,8.72
6/19/2019,BB,8.96
6/20/2019,BB,8.64
6/21/2019,BB,8.48
6/24/2019,BB,8.47
6/25/2019,BB,8.29
6/26/2019,BB,7.56
6/27/2019,BB,7.38
6/28/2019,BB,7.46
7/1/2019,BB,7.48
7/2/2019,BB,7.45
7/3/2019,BB,7.53
7/5/2019,BB,7.41
7/8/2019,BB,7.13
7/9/2019,BB,7.25
7/10/2019,BB,7.07
7/11/2019,BB,7.1
7/12/2019,BB,7.2
7/15/2019,BB,7.19
7/16/2019,BB,7.14
7/17/2019,BB,7.1
7/18/2019,BB,7.03
7/19/2019,BB,7.08
7/22/2019,BB,7.12
7/23/2019,BB,7.23
7/24/2019,BB,7.3
7/25/2019,BB,7.22
7/26/2019,BB,7.37
7/29/2019,BB,7.34
7/30/2019,BB,7.43
7/31/2019,BB,7.3
8/1/2019,BB,7.27
8/2/2019,BB,7.14
8/5/2019,BB,6.85
8/6/2019,BB,6.78
8/7/2019,BB,6.83
8/8/2019,BB,7.06
8/9/2019,BB,6.96
8/12/2019,BB,6.84
8/13/2019,BB,7
8/14/2019,BB,6.75
8/15/2019,BB,6.68
8/16/2019,BB,6.85
8/19/2019,BB,6.96
8/20/2019,BB,6.89
8/21/2019,BB,7.09
8/22/2019,BB,7.04
8/23/2019,BB,6.98
8/26/2019,BB,6.86
8/27/2019,BB,6.73
8/28/2019,BB,6.81
8/29/2019,BB,6.96
8/30/2019,BB,6.87
9/3/2019,BB,6.76
9/4/2019,BB,6.91
9/5/2019,BB,7.28
9/6/2019,BB,7.19
9/9/2019,BB,6.98
9/10/2019,BB,7.15
9/11/2019,BB,7.51
9/12/2019,BB,7.41
9/13/2019,BB,7.47
9/16/2019,BB,7.59
9/17/2019,BB,7.6
9/18/2019,BB,7.52
9/19/2019,BB,7.57
9/20/2019,BB,7.54
9/23/2019,BB,7.51
9/24/2019,BB,5.81
9/25/2019,BB,5.57
9/26/2019,BB,5.45
9/27/2019,BB,5.26
9/30/2019,BB,5.25
10/1/2019,BB,5.15
10/2/2019,BB,5.02
10/3/2019,BB,5.1
10/4/2019,BB,5.16
10/7/2019,BB,5.1
10/8/2019,BB,4.89
10/9/2019,BB,4.97
10/10/2019,BB,5.06
10/11/2019,BB,5.32
10/14/2019,BB,5.22
10/15/2019,BB,5.24
10/16/2019,BB,5.11
10/17/2019,BB,5.21
10/18/2019,BB,5.08
10/21/2019,BB,5.21
10/22/2019,BB,5.15
10/23/2019,BB,5.21
10/24/2019,BB,5.17
10/25/2019,BB,5.22
10/28/2019,BB,5.29
10/29/2019,BB,5.27
10/30/2019,BB,5.29
10/31/2019,BB,5.26
11/1/2019,BB,5.49
11/4/2019,BB,5.61
11/5/2019,BB,5.53
11/6/2019,BB,5.55
11/7/2019,BB,5.53
11/8/2019,BB,5.54
11/11/2019,BB,5.56
11/12/2019,BB,5.63
11/13/2019,BB,5.52
11/14/2019,BB,5.38
11/15/2019,BB,5.48
11/18/2019,BB,5.29
11/19/2019,BB,5.35
11/20/2019,BB,5.26
11/21/2019,BB,5.34
11/22/2019,BB,5.6
11/25/2019,BB,5.48
11/26/2019,BB,5.54
11/27/2019,BB,5.6
11/29/2019,BB,5.57
12/2/2019,BB,5.5
12/3/2019,BB,5.38
12/4/2019,BB,5.42
12/5/2019,BB,5.37
12/6/2019,BB,5.41
12/9/2019,BB,5.44
12/10/2019,BB,5.38
12/11/2019,BB,5.54
12/12/2019,BB,5.67
12/13/2019,BB,5.66
12/16/2019,BB,5.72
12/17/2019,BB,5.71
12/18/2019,BB,5.65
12/19/2019,BB,5.81
12/20/2019,BB,6.53
12/23/2019,BB,6.47
12/24/2019,BB,6.36
12/26/2019,BB,6.43
12/27/2019,BB,6.45
12/30/2019,BB,6.42
12/31/2019,BB,6.42
1/2/2020,BB,6.52
1/3/2020,BB,6.46
1/6/2020,BB,6.68
1/7/2020,BB,6.66
1/8/2020,BB,6.66
1/9/2020,BB,6.64
1/10/2020,BB,6.56
1/13/2020,BB,6.67
1/14/2020,BB,6.64
1/15/2020,BB,6.73
1/16/2020,BB,6.82
1/17/2020,BB,6.73
1/21/2020,BB,6.58
1/22/2020,BB,6.63
1/23/2020,BB,6.66
1/24/2020,BB,6.59
1/27/2020,BB,6.26
1/28/2020,BB,6.41
1/29/2020,BB,6.34
1/30/2020,BB,6.24
1/31/2020,BB,6.1
2/3/2020,BB,6.21
2/4/2020,BB,6.15
2/5/2020,BB,6.2
2/6/2020,BB,6.13
2/7/2020,BB,6.02
2/10/2020,BB,6.05
2/11/2020,BB,6.19
2/12/2020,BB,6.07
2/13/2020,BB,6
2/14/2020,BB,5.83
2/18/2020,BB,6.09
2/19/2020,BB,6.15
2/20/2020,BB,6.16
2/21/2020,BB,6.01
2/24/2020,BB,5.76
2/25/2020,BB,5.5
2/26/2020,BB,5.47
2/27/2020,BB,5.14
2/28/2020,BB,5.17
3/2/2020,BB,5.08
3/3/2020,BB,4.93
3/4/2020,BB,4.92
3/5/2020,BB,4.67
3/6/2020,BB,4.44
3/9/2020,BB,3.85
3/10/2020,BB,4.2
3/11/2020,BB,4.16
3/12/2020,BB,3.7
3/13/2020,BB,4.38
3/16/2020,BB,3.39
3/17/2020,BB,2.9
3/18/2020,BB,3.18
3/19/2020,BB,3.26
3/20/2020,BB,3.38
3/23/2020,BB,3.44
3/24/2020,BB,3.62
3/25/2020,BB,3.76
3/26/2020,BB,3.93
3/27/2020,BB,3.81
3/30/2020,BB,3.91
3/31/2020,BB,4.13
4/1/2020,BB,3.36
4/2/2020,BB,3.23
4/3/2020,BB,3.22
4/6/2020,BB,3.48
4/7/2020,BB,3.61
4/8/2020,BB,3.84
4/9/2020,BB,3.76
4/13/2020,BB,3.86
4/14/2020,BB,4
4/15/2020,BB,3.7
4/16/2020,BB,4.01
4/17/2020,BB,4.27
4/20/2020,BB,4.09
4/21/2020,BB,3.92
4/22/2020,BB,3.9
4/23/2020,BB,4.01
4/24/2020,BB,4.04
4/27/2020,BB,4.26
4/28/2020,BB,4.21
4/29/2020,BB,4.37
4/30/2020,BB,4.28
5/1/2020,BB,4.07
5/4/2020,BB,4.26
5/5/2020,BB,4.27
5/6/2020,BB,4.49
5/7/2020,BB,4.6
5/8/2020,BB,4.71
5/11/2020,BB,4.58
5/12/2020,BB,4.5
5/13/2020,BB,4.46
5/14/2020,BB,4.46
5/15/2020,BB,4.42
5/18/2020,BB,4.49
5/19/2020,BB,4.49
5/20/2020,BB,4.65
5/21/2020,BB,4.54
5/22/2020,BB,4.54
5/26/2020,BB,4.64
5/27/2020,BB,4.66
5/28/2020,BB,4.58
5/29/2020,BB,4.64
6/1/2020,BB,4.92
6/2/2020,BB,5.36
6/3/2020,BB,5.21
6/4/2020,BB,5.23
6/5/2020,BB,5.47
6/8/2020,BB,5.79
6/9/2020,BB,5.61
6/10/2020,BB,5.57
6/11/2020,BB,5.03
6/12/2020,BB,5.25
6/15/2020,BB,4.99
6/16/2020,BB,5.22
6/17/2020,BB,5.1
6/18/2020,BB,5.08
6/19/2020,BB,5.06
6/22/2020,BB,5.12
6/23/2020,BB,5.1
6/24/2020,BB,4.92
6/25/2020,BB,4.85
6/26/2020,BB,4.72
6/29/2020,BB,4.8
6/30/2020,BB,4.89
7/1/2020,BB,4.78
7/2/2020,BB,4.85
7/6/2020,BB,5.02
7/7/2020,BB,4.8
7/8/2020,BB,4.84
7/9/2020,BB,4.81
7/10/2020,BB,4.73
7/13/2020,BB,4.58
7/14/2020,BB,4.58
7/15/2020,BB,4.71
7/16/2020,BB,4.65
7/17/2020,BB,4.8
7/20/2020,BB,4.99
7/21/2020,BB,4.85
7/22/2020,BB,4.79
7/23/2020,BB,4.74
7/24/2020,BB,4.65
7/27/2020,BB,4.69
7/28/2020,BB,4.66
7/29/2020,BB,4.87
7/30/2020,BB,4.74
7/31/2020,BB,4.74
8/3/2020,BB,4.74
8/4/2020,BB,4.75
8/5/2020,BB,4.84
8/6/2020,BB,4.96
8/7/2020,BB,4.84
8/10/2020,BB,4.84
8/11/2020,BB,4.79
8/12/2020,BB,4.82
8/13/2020,BB,4.89
8/14/2020,BB,4.8
8/17/2020,BB,4.81
8/18/2020,BB,4.79
8/19/2020,BB,4.78
8/20/2020,BB,4.83
8/21/2020,BB,4.75
8/24/2020,BB,4.79
8/25/2020,BB,4.78
8/26/2020,BB,5.08
8/27/2020,BB,5.03
8/28/2020,BB,5.23
8/31/2020,BB,5.22
9/1/2020,BB,5.58
9/2/2020,BB,5.52
9/3/2020,BB,5.18
9/4/2020,BB,5.11
9/8/2020,BB,4.93
9/9/2020,BB,4.92
9/10/2020,BB,4.8
9/11/2020,BB,4.75
9/14/2020,BB,4.82
9/15/2020,BB,4.81
9/16/2020,BB,4.73
9/17/2020,BB,4.73
9/18/2020,BB,4.86
9/21/2020,BB,4.76
9/22/2020,BB,4.94
9/23/2020,BB,4.8
9/24/2020,BB,4.75
9/25/2020,BB,4.77
9/28/2020,BB,4.61
9/29/2020,BB,4.63
9/30/2020,BB,4.59
10/1/2020,BB,4.58
10/2/2020,BB,4.44
10/5/2020,BB,4.5
10/6/2020,BB,4.55
10/7/2020,BB,4.57
10/8/2020,BB,4.6
10/9/2020,BB,4.73
10/12/2020,BB,4.75
10/13/2020,BB,5.14
10/14/2020,BB,5.08
10/15/2020,BB,5.16
10/16/2020,BB,4.98
10/19/2020,BB,5.19
10/20/2020,BB,5.08
10/21/2020,BB,5.1
10/22/2020,BB,5.13
10/23/2020,BB,5.12
10/26/2020,BB,4.88
10/27/2020,BB,4.85
10/28/2020,BB,4.57
10/29/2020,BB,4.61
10/30/2020,BB,4.49
11/2/2020,BB,4.48
11/3/2020,BB,4.67
11/4/2020,BB,4.68
11/5/2020,BB,4.86
11/6/2020,BB,4.83
11/9/2020,BB,4.93
11/10/2020,BB,5.02
11/11/2020,BB,5.19
11/12/2020,BB,4.99
11/13/2020,BB,5.11
11/16/2020,BB,5.19
11/17/2020,BB,5.29
11/18/2020,BB,5.44
11/19/2020,BB,5.36
11/20/2020,BB,5.76
11/23/2020,BB,5.66
11/24/2020,BB,5.7
11/25/2020,BB,5.91
11/27/2020,BB,6.15
11/30/2020,BB,5.87
12/1/2020,BB,7
12/2/2020,BB,7.45
12/3/2020,BB,7.46
12/4/2020,BB,8.52
12/7/2020,BB,8.25
12/8/2020,BB,8.52
12/9/2020,BB,8.31
12/10/2020,BB,8.37
12/11/2020,BB,8.16
12/14/2020,BB,8.25
12/15/2020,BB,8.3
12/16/2020,BB,8.24
12/17/2020,BB,8.26
12/18/2020,BB,6.95
12/21/2020,BB,7.11
12/22/2020,BB,7.19
12/23/2020,BB,7.09
12/24/2020,BB,7.06
12/28/2020,BB,6.88
12/29/2020,BB,6.77
12/30/2020,BB,6.67
12/31/2020,BB,6.63
1/4/2021,BB,6.58
1/5/2021,BB,6.77
1/6/2021,BB,6.71
1/7/2021,BB,7.06
1/8/2021,BB,7.56
1/11/2021,BB,7.65
1/12/2021,BB,7.63
1/13/2021,BB,7.44
1/14/2021,BB,9.11
1/15/2021,BB,9.84
1/19/2021,BB,12.35
1/20/2021,BB,12.79
1/21/2021,BB,12.85
1/22/2021,BB,14.04
1/25/2021,BB,18.03
1/26/2021,BB,18.92
1/27/2021,BB,25.1
1/28/2021,BB,14.65
1/29/2021,BB,14.1
2/1/2021,BB,14.63
2/2/2021,BB,11.55
2/3/2021,BB,12
2/4/2021,BB,12.15
2/5/2021,BB,13.23
2/8/2021,BB,13.76
2/9/2021,BB,13.43
2/10/2021,BB,13.1
2/11/2021,BB,12.46
2/12/2021,BB,13.04
2/16/2021,BB,12.21
2/17/2021,BB,11.32
2/18/2021,BB,10.94
2/19/2021,BB,10.9
2/22/2021,BB,10.68
2/23/2021,BB,10.4
2/24/2021,BB,11.32
2/25/2021,BB,10.58
2/26/2021,BB,10.05
3/1/2021,BB,10.91
3/2/2021,BB,10.5
3/3/2021,BB,10.15
3/4/2021,BB,9.84
3/5/2021,BB,9.45
3/8/2021,BB,9.75
3/9/2021,BB,10.45
3/10/2021,BB,10.34
3/11/2021,BB,10.7
3/12/2021,BB,11.85
3/15/2021,BB,11.68
3/16/2021,BB,11.46
3/17/2021,BB,11.6
3/18/2021,BB,10.76
3/19/2021,BB,10.95
3/22/2021,BB,10.71
3/23/2021,BB,10.07
3/24/2021,BB,9.58
3/25/2021,BB,9.88
3/26/2021,BB,9.63
3/29/2021,BB,9.2
3/30/2021,BB,9.34
3/31/2021,BB,8.43
4/1/2021,BB,8.6
4/5/2021,BB,9.3
4/6/2021,BB,8.99
4/7/2021,BB,8.91
4/8/2021,BB,9.44
4/9/2021,BB,9.13
4/12/2021,BB,9.03
4/13/2021,BB,9.1
4/14/2021,BB,9
4/15/2021,BB,8.77
4/16/2021,BB,8.7
4/19/2021,BB,8.62
4/20/2021,BB,8.21
4/21/2021,BB,8.66
4/22/2021,BB,8.64
4/23/2021,BB,8.85
4/26/2021,BB,9.09
4/27/2021,BB,9.29
4/28/2021,BB,9.3
4/29/2021,BB,9.06
4/30/2021,BB,8.83
9/30/2020,PLTR,9.5
10/1/2020,PLTR,9.46
10/2/2020,PLTR,9.2
10/5/2020,PLTR,9.03
10/6/2020,PLTR,9.9
10/7/2020,PLTR,10
10/8/2020,PLTR,10
10/9/2020,PLTR,9.95
10/12/2020,PLTR,9.89
10/13/2020,PLTR,9.47
10/14/2020,PLTR,9.34
10/15/2020,PLTR,9.91
10/16/2020,PLTR,9.71
10/19/2020,PLTR,9.57
10/20/2020,PLTR,9.27
10/21/2020,PLTR,9.2
10/22/2020,PLTR,9.68
10/23/2020,PLTR,9.49
10/26/2020,PLTR,9.95
10/27/2020,PLTR,10.95
10/28/2020,PLTR,10.85
10/29/2020,PLTR,10.75
10/30/2020,PLTR,10.13
11/2/2020,PLTR,10.54
11/3/2020,PLTR,10.5
11/4/2020,PLTR,10.72
11/5/2020,PLTR,11.88
11/6/2020,PLTR,13.83
11/9/2020,PLTR,14.67
11/10/2020,PLTR,14
11/11/2020,PLTR,15.96
11/12/2020,PLTR,14.58
11/13/2020,PLTR,15.8
11/16/2020,PLTR,15.93
11/17/2020,PLTR,17.85
11/18/2020,PLTR,17.9
11/19/2020,PLTR,18.98
11/20/2020,PLTR,18.15
11/23/2020,PLTR,21.04
11/24/2020,PLTR,23.82
11/25/2020,PLTR,29.05
11/27/2020,PLTR,27.66
11/30/2020,PLTR,27.11
12/1/2020,PLTR,25.67
12/2/2020,PLTR,22.51
12/3/2020,PLTR,24.03
12/4/2020,PLTR,23.85
12/7/2020,PLTR,28.94
12/8/2020,PLTR,28.59
12/9/2020,PLTR,26.63
12/10/2020,PLTR,27.04
12/11/2020,PLTR,27.2
12/14/2020,PLTR,27.24
12/15/2020,PLTR,26.43
12/16/2020,PLTR,25.92
12/17/2020,PLTR,27.23
12/18/2020,PLTR,25.97
12/21/2020,PLTR,28.51
12/22/2020,PLTR,28.04
12/23/2020,PLTR,28.69
12/24/2020,PLTR,27.75
12/28/2020,PLTR,25.63
12/29/2020,PLTR,24.66
12/30/2020,PLTR,25.1
12/31/2020,PLTR,23.55
1/4/2021,PLTR,23.37
1/5/2021,PLTR,24.6
1/6/2021,PLTR,23.54
1/7/2021,PLTR,25
1/8/2021,PLTR,25.2
1/11/2021,PLTR,25.93
1/12/2021,PLTR,26.18
1/13/2021,PLTR,25.5
1/14/2021,PLTR,24.92
1/15/2021,PLTR,25.64
1/19/2021,PLTR,26.62
1/20/2021,PLTR,26.34
1/21/2021,PLTR,25.98
1/22/2021,PLTR,32.58
1/25/2021,PLTR,36.23
1/26/2021,PLTR,35.37
1/27/2021,PLTR,39
1/28/2021,PLTR,35.66
1/29/2021,PLTR,35.18
2/1/2021,PLTR,33.96
2/2/2021,PLTR,31.02
2/3/2021,PLTR,31.76
2/4/2021,PLTR,32.05
2/5/2021,PLTR,34.05
2/8/2021,PLTR,36.05
2/9/2021,PLTR,38.17
2/10/2021,PLTR,35.7
2/11/2021,PLTR,33.11
2/12/2021,PLTR,31.91
2/16/2021,PLTR,27.84
2/17/2021,PLTR,27.08
2/18/2021,PLTR,25.17
2/19/2021,PLTR,29
2/22/2021,PLTR,28
2/23/2021,PLTR,26.75
2/24/2021,PLTR,26.39
2/25/2021,PLTR,23.96
2/26/2021,PLTR,23.9
3/1/2021,PLTR,24.81
3/2/2021,PLTR,24.48
3/3/2021,PLTR,23.59
3/4/2021,PLTR,24.73
3/5/2021,PLTR,23.95
3/8/2021,PLTR,22.52
3/9/2021,PLTR,24.26
3/10/2021,PLTR,24.75
3/11/2021,PLTR,26.73
3/12/2021,PLTR,26.92
3/15/2021,PLTR,26.79
3/16/2021,PLTR,25.61
3/17/2021,PLTR,25.21
3/18/2021,PLTR,23.98
3/19/2021,PLTR,24.32
3/22/2021,PLTR,24.22
3/23/2021,PLTR,23.26
3/24/2021,PLTR,21.88
3/25/2021,PLTR,22.58
3/26/2021,PLTR,22.58
3/29/2021,PLTR,21.73
3/30/2021,PLTR,22.04
3/31/2021,PLTR,23.29
4/1/2021,PLTR,23.07
4/5/2021,PLTR,23.44
4/6/2021,PLTR,23.27
4/7/2021,PLTR,22.9
4/8/2021,PLTR,23.41
4/9/2021,PLTR,24.04
4/12/2021,PLTR,23.34
4/13/2021,PLTR,25.42
4/14/2021,PLTR,23.7
4/15/2021,PLTR,23.15
4/16/2021,PLTR,22.47
4/19/2021,PLTR,21.94
4/20/2021,PLTR,21.78
4/21/2021,PLTR,22.63
4/22/2021,PLTR,22.86
4/23/2021,PLTR,23.41
4/26/2021,PLTR,24.11
4/27/2021,PLTR,23.88
4/28/2021,PLTR,23.85
4/29/2021,PLTR,23.37
4/30/2021,PLTR,23.04
9/29/2017,SPCE,10.1
10/2/2017,SPCE,10.0799
10/3/2017,SPCE,10.1
10/4/2017,SPCE,10.11
10/5/2017,SPCE,10.1
10/6/2017,SPCE,10.1316
10/9/2017,SPCE,10.12
10/10/2017,SPCE,10.11
10/11/2017,SPCE,10.09
10/12/2017,SPCE,10.12
10/13/2017,SPCE,10.12
10/16/2017,SPCE,10.13
10/17/2017,SPCE,10.17
10/18/2017,SPCE,10.17
10/19/2017,SPCE,10.15
10/20/2017,SPCE,10.18
10/23/2017,SPCE,10.23
10/24/2017,SPCE,10.24
10/25/2017,SPCE,10.225
10/26/2017,SPCE,10.2267
10/27/2017,SPCE,10.25
10/30/2017,SPCE,10.216
10/31/2017,SPCE,10.242
11/1/2017,SPCE,10.2689
11/2/2017,SPCE,10.25
11/3/2017,SPCE,10.25
11/6/2017,SPCE,10.249
11/7/2017,SPCE,10.25
11/8/2017,SPCE,10.25
11/9/2017,SPCE,10.21
11/10/2017,SPCE,10.22
11/13/2017,SPCE,10.229
11/14/2017,SPCE,10.2
11/15/2017,SPCE,10.1
11/16/2017,SPCE,10.07
11/17/2017,SPCE,10.035
11/20/2017,SPCE,9.982
11/21/2017,SPCE,10
11/22/2017,SPCE,10
11/24/2017,SPCE,10.025
11/27/2017,SPCE,10.02
11/28/2017,SPCE,10
11/29/2017,SPCE,9.97
11/30/2017,SPCE,9.95
12/1/2017,SPCE,9.9399
12/4/2017,SPCE,9.92
12/5/2017,SPCE,9.94
12/6/2017,SPCE,9.92
12/7/2017,SPCE,9.89
12/8/2017,SPCE,9.87
12/11/2017,SPCE,9.9
12/12/2017,SPCE,9.98
12/13/2017,SPCE,9.95
12/14/2017,SPCE,10.03
12/15/2017,SPCE,10.01
12/18/2017,SPCE,10.055
12/19/2017,SPCE,10.01
12/20/2017,SPCE,10.02
12/21/2017,SPCE,10.03
12/22/2017,SPCE,10.04
12/26/2017,SPCE,10.07
12/27/2017,SPCE,10.065
12/28/2017,SPCE,10.05
12/29/2017,SPCE,10.09
1/2/2018,SPCE,10.07
1/3/2018,SPCE,10.06
1/4/2018,SPCE,10.06
1/5/2018,SPCE,10.07
1/8/2018,SPCE,10.07
1/9/2018,SPCE,10.05
1/10/2018,SPCE,10.06
1/11/2018,SPCE,10.06
1/12/2018,SPCE,10.05
1/16/2018,SPCE,10.06
1/17/2018,SPCE,10.03
1/18/2018,SPCE,10.05
1/19/2018,SPCE,10.06
1/22/2018,SPCE,10.08
1/23/2018,SPCE,10.08
1/24/2018,SPCE,10.065
1/25/2018,SPCE,10.05
1/26/2018,SPCE,10.06
1/29/2018,SPCE,10.06
1/30/2018,SPCE,10.05
1/31/2018,SPCE,10.06
2/1/2018,SPCE,10.07
2/2/2018,SPCE,10.04
2/5/2018,SPCE,10
2/6/2018,SPCE,9.99
2/7/2018,SPCE,10
2/8/2018,SPCE,10
2/9/2018,SPCE,9.96
2/12/2018,SPCE,9.98
2/13/2018,SPCE,10
2/14/2018,SPCE,9.98
2/15/2018,SPCE,9.98
2/16/2018,SPCE,10
2/20/2018,SPCE,10.01
2/21/2018,SPCE,10
2/22/2018,SPCE,10.02
2/23/2018,SPCE,10.02
2/26/2018,SPCE,10.03
2/27/2018,SPCE,10.02
2/28/2018,SPCE,10.05
3/1/2018,SPCE,10.06
3/2/2018,SPCE,10.05
3/5/2018,SPCE,10.04
3/6/2018,SPCE,10.03
3/7/2018,SPCE,10.04
3/8/2018,SPCE,10.03
3/9/2018,SPCE,10.03
3/12/2018,SPCE,10.01
3/13/2018,SPCE,10
3/14/2018,SPCE,10.03
3/15/2018,SPCE,10.04
3/16/2018,SPCE,10.04
3/19/2018,SPCE,10.01
3/20/2018,SPCE,10.05
3/21/2018,SPCE,10.06
3/22/2018,SPCE,10.05
3/23/2018,SPCE,10.06
3/26/2018,SPCE,10.08
3/27/2018,SPCE,10.07
3/28/2018,SPCE,10.05
3/29/2018,SPCE,10.03
4/2/2018,SPCE,10.03
4/3/2018,SPCE,10.03
4/4/2018,SPCE,10.04
4/5/2018,SPCE,10.07
4/6/2018,SPCE,10.06
4/9/2018,SPCE,10.04
4/10/2018,SPCE,10.05
4/11/2018,SPCE,10.05
4/12/2018,SPCE,10.04
4/13/2018,SPCE,10.05
4/16/2018,SPCE,10.04
4/17/2018,SPCE,10.05
4/18/2018,SPCE,10.04
4/19/2018,SPCE,10.04
4/20/2018,SPCE,10.04
4/23/2018,SPCE,10.02
4/24/2018,SPCE,10.04
4/25/2018,SPCE,10.035
4/26/2018,SPCE,10.05
4/27/2018,SPCE,10.08
4/30/2018,SPCE,10.06
5/1/2018,SPCE,10.03
5/2/2018,SPCE,10.01
5/3/2018,SPCE,10.03
5/4/2018,SPCE,10.02
5/7/2018,SPCE,10.05
5/8/2018,SPCE,10.03
5/9/2018,SPCE,10.02
5/10/2018,SPCE,10.02
5/11/2018,SPCE,10.03
5/14/2018,SPCE,10.02
5/15/2018,SPCE,10.02
5/16/2018,SPCE,10.03
5/17/2018,SPCE,10
5/18/2018,SPCE,10.01
5/21/2018,SPCE,10.03
5/22/2018,SPCE,10.01
5/23/2018,SPCE,10
5/24/2018,SPCE,10
5/25/2018,SPCE,10.08
5/29/2018,SPCE,10.06
5/30/2018,SPCE,10.05
5/31/2018,SPCE,10.04
6/1/2018,SPCE,10.09
6/4/2018,SPCE,10.08
6/5/2018,SPCE,10.07
6/6/2018,SPCE,10.12
6/7/2018,SPCE,10.09
6/8/2018,SPCE,10.06
6/11/2018,SPCE,10.05
6/12/2018,SPCE,10.04
6/13/2018,SPCE,10.04
6/14/2018,SPCE,10.06
6/15/2018,SPCE,10.04
6/18/2018,SPCE,10.06
6/19/2018,SPCE,10.03
6/20/2018,SPCE,10.05
6/21/2018,SPCE,10.035
6/22/2018,SPCE,10.0295
6/25/2018,SPCE,10
6/26/2018,SPCE,10.03
6/27/2018,SPCE,10.01
6/28/2018,SPCE,10.01
6/29/2018,SPCE,10.05
7/2/2018,SPCE,10.03
7/3/2018,SPCE,10
7/5/2018,SPCE,10
7/6/2018,SPCE,10
7/9/2018,SPCE,10
7/10/2018,SPCE,10
7/11/2018,SPCE,9.99
7/12/2018,SPCE,10
7/13/2018,SPCE,10
7/16/2018,SPCE,9.99
7/17/2018,SPCE,9.96
7/18/2018,SPCE,9.97
7/19/2018,SPCE,9.98
7/20/2018,SPCE,9.99
7/23/2018,SPCE,9.97
7/24/2018,SPCE,9.97
7/25/2018,SPCE,9.96
7/26/2018,SPCE,9.97
7/27/2018,SPCE,9.97
7/30/2018,SPCE,9.96
7/31/2018,SPCE,10
8/1/2018,SPCE,9.99
8/2/2018,SPCE,9.96
8/3/2018,SPCE,9.97
8/6/2018,SPCE,9.97
8/7/2018,SPCE,9.95
8/8/2018,SPCE,9.95
8/9/2018,SPCE,9.96
8/10/2018,SPCE,9.98
8/13/2018,SPCE,9.99
8/14/2018,SPCE,9.99
8/15/2018,SPCE,9.95
8/16/2018,SPCE,9.97
8/17/2018,SPCE,9.95
8/20/2018,SPCE,9.95
8/21/2018,SPCE,9.95
8/22/2018,SPCE,9.97
8/23/2018,SPCE,10
8/24/2018,SPCE,10
8/27/2018,SPCE,9.98
8/28/2018,SPCE,9.97
8/29/2018,SPCE,9.96
8/30/2018,SPCE,9.97
8/31/2018,SPCE,9.97
9/4/2018,SPCE,9.96
9/5/2018,SPCE,9.96
9/6/2018,SPCE,9.97
9/7/2018,SPCE,9.91
9/10/2018,SPCE,9.89
9/11/2018,SPCE,9.88
9/12/2018,SPCE,9.9
9/13/2018,SPCE,9.9
9/14/2018,SPCE,9.87
9/17/2018,SPCE,9.88
9/18/2018,SPCE,9.9
9/19/2018,SPCE,9.89
9/20/2018,SPCE,9.92
9/21/2018,SPCE,9.9
9/24/2018,SPCE,9.9
9/25/2018,SPCE,9.9
9/26/2018,SPCE,9.94
9/27/2018,SPCE,9.91
9/28/2018,SPCE,9.91
10/1/2018,SPCE,9.92
10/2/2018,SPCE,9.94
10/3/2018,SPCE,9.91
10/4/2018,SPCE,9.91
10/5/2018,SPCE,9.92
10/8/2018,SPCE,9.93
10/9/2018,SPCE,9.91
10/10/2018,SPCE,9.93
10/11/2018,SPCE,9.93
10/12/2018,SPCE,9.92
10/15/2018,SPCE,9.93
10/16/2018,SPCE,9.93
10/17/2018,SPCE,9.94
10/18/2018,SPCE,9.92
10/19/2018,SPCE,9.93
10/22/2018,SPCE,9.92
10/23/2018,SPCE,9.93
10/24/2018,SPCE,9.93
10/25/2018,SPCE,9.92
10/26/2018,SPCE,9.93
10/29/2018,SPCE,9.92
10/30/2018,SPCE,9.92
10/31/2018,SPCE,9.95
11/1/2018,SPCE,9.93
11/2/2018,SPCE,9.93
11/5/2018,SPCE,9.94
11/6/2018,SPCE,9.96
11/7/2018,SPCE,9.94
11/8/2018,SPCE,9.94
11/9/2018,SPCE,9.95
11/12/2018,SPCE,9.98
11/13/2018,SPCE,9.94
11/14/2018,SPCE,9.96
11/15/2018,SPCE,9.99
11/16/2018,SPCE,9.99
11/19/2018,SPCE,9.95
11/20/2018,SPCE,9.97
11/21/2018,SPCE,9.94
11/23/2018,SPCE,10
11/26/2018,SPCE,9.99
11/27/2018,SPCE,9.96
11/28/2018,SPCE,9.96
11/29/2018,SPCE,9.94
11/30/2018,SPCE,9.95
12/3/2018,SPCE,9.94
12/4/2018,SPCE,9.95
12/6/2018,SPCE,9.94
12/7/2018,SPCE,9.94
12/10/2018,SPCE,9.94
12/11/2018,SPCE,9.98
12/12/2018,SPCE,9.96
12/13/2018,SPCE,10
12/14/2018,SPCE,10
12/17/2018,SPCE,9.969
12/18/2018,SPCE,9.95
12/19/2018,SPCE,9.99
12/20/2018,SPCE,10
12/21/2018,SPCE,9.98
12/24/2018,SPCE,9.97
12/26/2018,SPCE,10
12/27/2018,SPCE,10
12/28/2018,SPCE,10
12/31/2018,SPCE,10
1/2/2019,SPCE,10.02
1/3/2019,SPCE,10
1/4/2019,SPCE,10.04
1/7/2019,SPCE,10.03
1/8/2019,SPCE,10.04
1/9/2019,SPCE,10.06
1/10/2019,SPCE,10.04
1/11/2019,SPCE,10.04
1/14/2019,SPCE,10.03
1/15/2019,SPCE,10.03
1/16/2019,SPCE,10.06
1/17/2019,SPCE,10.04
1/18/2019,SPCE,10.06
1/22/2019,SPCE,10.03
1/23/2019,SPCE,10.06
1/24/2019,SPCE,10.06
1/25/2019,SPCE,10.05
1/28/2019,SPCE,10.08
1/29/2019,SPCE,10.05
1/30/2019,SPCE,10.0687
1/31/2019,SPCE,10.05
2/1/2019,SPCE,10.1
2/4/2019,SPCE,10.06
2/5/2019,SPCE,10.09
2/6/2019,SPCE,10.07
2/7/2019,SPCE,10.09
2/8/2019,SPCE,10.1
2/11/2019,SPCE,10.08
2/12/2019,SPCE,10.09
2/13/2019,SPCE,10.1
2/14/2019,SPCE,10.09
2/15/2019,SPCE,10.1
2/19/2019,SPCE,10.1
2/20/2019,SPCE,10.14
2/21/2019,SPCE,10.18
2/22/2019,SPCE,10.16
2/25/2019,SPCE,10.11
2/26/2019,SPCE,10.13
2/27/2019,SPCE,10.11
2/28/2019,SPCE,10.12
3/1/2019,SPCE,10.11
3/4/2019,SPCE,10.14
3/5/2019,SPCE,10.13
3/6/2019,SPCE,10.15
3/7/2019,SPCE,10.11
3/8/2019,SPCE,10.125
3/11/2019,SPCE,10.14
3/12/2019,SPCE,10.14
3/13/2019,SPCE,10.14
3/14/2019,SPCE,10.14
3/15/2019,SPCE,10.13
3/18/2019,SPCE,10.141
3/19/2019,SPCE,10.15
3/20/2019,SPCE,10.14
3/21/2019,SPCE,10.18
3/22/2019,SPCE,10.17
3/25/2019,SPCE,10.17
3/26/2019,SPCE,10.16
3/27/2019,SPCE,10.17
3/28/2019,SPCE,10.19
3/29/2019,SPCE,10.19
4/1/2019,SPCE,10.19
4/2/2019,SPCE,10.205
4/3/2019,SPCE,10.19
4/4/2019,SPCE,10.21
4/5/2019,SPCE,10.2
4/8/2019,SPCE,10.1952
4/9/2019,SPCE,10.2
4/10/2019,SPCE,10.19
4/11/2019,SPCE,10.22
4/12/2019,SPCE,10.24
4/15/2019,SPCE,10.23
4/16/2019,SPCE,10.23
4/17/2019,SPCE,10.23
4/18/2019,SPCE,10.27
4/22/2019,SPCE,10.23
4/23/2019,SPCE,10.23
4/24/2019,SPCE,10.24
4/25/2019,SPCE,10.25
4/26/2019,SPCE,10.25
4/29/2019,SPCE,10.24
4/30/2019,SPCE,10.23
5/1/2019,SPCE,10.27
5/2/2019,SPCE,10.32
5/3/2019,SPCE,10.31
5/6/2019,SPCE,10.33
5/7/2019,SPCE,10.34
5/8/2019,SPCE,10.33
5/9/2019,SPCE,10.32
5/10/2019,SPCE,10.32
5/13/2019,SPCE,10.32
5/14/2019,SPCE,10.3
5/15/2019,SPCE,10.34
5/16/2019,SPCE,10.34
5/17/2019,SPCE,10.3
5/20/2019,SPCE,10.3
5/21/2019,SPCE,10.32
5/22/2019,SPCE,10.33
5/23/2019,SPCE,10.32
5/24/2019,SPCE,10.31
5/28/2019,SPCE,10.34
5/29/2019,SPCE,10.34
5/30/2019,SPCE,10.32
5/31/2019,SPCE,10.34
6/3/2019,SPCE,10.33
6/4/2019,SPCE,10.31
6/5/2019,SPCE,10.31
6/6/2019,SPCE,10.32
6/7/2019,SPCE,10.32
6/10/2019,SPCE,10.32
6/11/2019,SPCE,10.31
6/12/2019,SPCE,10.32
6/13/2019,SPCE,10.31
6/14/2019,SPCE,10.31
6/17/2019,SPCE,10.34
6/18/2019,SPCE,10.36
6/19/2019,SPCE,10.38
6/20/2019,SPCE,10.3804
6/21/2019,SPCE,10.43
6/24/2019,SPCE,10.39
6/25/2019,SPCE,10.4
6/26/2019,SPCE,10.4
6/27/2019,SPCE,10.41
6/28/2019,SPCE,10.435
7/1/2019,SPCE,10.4
7/2/2019,SPCE,10.4
7/3/2019,SPCE,10.4
7/5/2019,SPCE,10.43
7/8/2019,SPCE,10.43
7/9/2019,SPCE,10.69
7/10/2019,SPCE,10.78
7/11/2019,SPCE,10.59
7/12/2019,SPCE,10.63
7/15/2019,SPCE,10.58
7/16/2019,SPCE,10.51
7/17/2019,SPCE,10.47
7/18/2019,SPCE,10.48
7/19/2019,SPCE,10.49
7/22/2019,SPCE,10.45
7/23/2019,SPCE,10.45
7/24/2019,SPCE,10.48
7/25/2019,SPCE,10.45
7/26/2019,SPCE,10.47
7/29/2019,SPCE,10.46
7/30/2019,SPCE,10.47
7/31/2019,SPCE,10.47
8/1/2019,SPCE,10.46
8/2/2019,SPCE,10.43
8/5/2019,SPCE,10.43
8/6/2019,SPCE,10.43
8/7/2019,SPCE,10.42
8/8/2019,SPCE,10.42
8/9/2019,SPCE,10.44
8/12/2019,SPCE,10.41
8/13/2019,SPCE,10.41
8/14/2019,SPCE,10.41
8/15/2019,SPCE,10.4
8/16/2019,SPCE,10.37
8/19/2019,SPCE,10.36
8/20/2019,SPCE,10.36
8/21/2019,SPCE,10.38
8/22/2019,SPCE,10.37
8/23/2019,SPCE,10.38
8/26/2019,SPCE,10.36
8/27/2019,SPCE,10.35
8/28/2019,SPCE,10.34
8/29/2019,SPCE,10.34
8/30/2019,SPCE,10.35
9/3/2019,SPCE,10.34
9/4/2019,SPCE,10.34
9/5/2019,SPCE,10.34
9/6/2019,SPCE,10.33
9/9/2019,SPCE,10.36
9/10/2019,SPCE,10.37
9/11/2019,SPCE,10.38
9/12/2019,SPCE,10.37
9/13/2019,SPCE,10.42
9/16/2019,SPCE,10.45
9/17/2019,SPCE,10.42
9/18/2019,SPCE,10.6
9/19/2019,SPCE,10.58
9/20/2019,SPCE,10.6
9/23/2019,SPCE,10.59
9/24/2019,SPCE,10.57
9/25/2019,SPCE,10.54
9/26/2019,SPCE,10.63
9/27/2019,SPCE,10.7
9/30/2019,SPCE,10.7
10/1/2019,SPCE,10.69
10/2/2019,SPCE,10.7
10/3/2019,SPCE,10.86
10/4/2019,SPCE,10.99
10/7/2019,SPCE,10.94
10/8/2019,SPCE,10.92
10/9/2019,SPCE,10.81
10/10/2019,SPCE,10.53
10/11/2019,SPCE,10.45
10/14/2019,SPCE,10.38
10/15/2019,SPCE,10.39
10/16/2019,SPCE,10.36
10/17/2019,SPCE,10.35
10/18/2019,SPCE,10.38
10/21/2019,SPCE,10.38
10/22/2019,SPCE,10.52
10/23/2019,SPCE,10.5
10/24/2019,SPCE,10.6
10/25/2019,SPCE,11.79
10/28/2019,SPCE,11.79
10/29/2019,SPCE,10.99
10/30/2019,SPCE,10.61
10/31/2019,SPCE,9.41
11/1/2019,SPCE,9.64
11/4/2019,SPCE,9.35
11/5/2019,SPCE,9.68
11/6/2019,SPCE,9.65
11/7/2019,SPCE,9.8
11/8/2019,SPCE,9.99
11/11/2019,SPCE,10.2
11/12/2019,SPCE,10.1
11/13/2019,SPCE,9.72
11/14/2019,SPCE,9.66
11/15/2019,SPCE,9.68
11/18/2019,SPCE,9.53
11/19/2019,SPCE,9.39
11/20/2019,SPCE,9.1
11/21/2019,SPCE,8.43
11/22/2019,SPCE,7.6
11/25/2019,SPCE,7.22
11/26/2019,SPCE,7.26
11/27/2019,SPCE,7.32
11/29/2019,SPCE,7.25
12/2/2019,SPCE,7.44
12/3/2019,SPCE,7.46
12/4/2019,SPCE,7.22
12/5/2019,SPCE,7.22
12/6/2019,SPCE,7.26
12/9/2019,SPCE,8.42
12/10/2019,SPCE,8.97
12/11/2019,SPCE,9.34
12/12/2019,SPCE,9.17
12/13/2019,SPCE,9.03
12/16/2019,SPCE,9.29
12/17/2019,SPCE,9.34
12/18/2019,SPCE,9.56
12/19/2019,SPCE,10.37
12/20/2019,SPCE,10.77
12/23/2019,SPCE,10.95
12/24/2019,SPCE,11.41
12/26/2019,SPCE,10.9
12/27/2019,SPCE,11.56
12/30/2019,SPCE,11.49
12/31/2019,SPCE,11.55
1/2/2020,SPCE,11.79
1/3/2020,SPCE,11.81
1/6/2020,SPCE,11.38
1/7/2020,SPCE,11.36
1/8/2020,SPCE,11.42
1/9/2020,SPCE,12.04
1/10/2020,SPCE,12.83
1/13/2020,SPCE,13.7
1/14/2020,SPCE,13.97
1/15/2020,SPCE,14.84
1/16/2020,SPCE,14.94
1/17/2020,SPCE,15.64
1/21/2020,SPCE,17.3
1/22/2020,SPCE,19.72
1/23/2020,SPCE,19.12
1/24/2020,SPCE,17.21
1/27/2020,SPCE,17.44
1/28/2020,SPCE,17.97
1/29/2020,SPCE,17.58
1/30/2020,SPCE,17.1
1/31/2020,SPCE,17.15
2/3/2020,SPCE,18.61
2/4/2020,SPCE,19.69
2/5/2020,SPCE,18.69
2/6/2020,SPCE,18.52
2/7/2020,SPCE,18.93
2/10/2020,SPCE,20.55
2/11/2020,SPCE,21.94
2/12/2020,SPCE,23.08
2/13/2020,SPCE,23.66
2/14/2020,SPCE,28.68
2/18/2020,SPCE,30.3
2/19/2020,SPCE,37.35
2/20/2020,SPCE,37.26
2/21/2020,SPCE,33.87
2/24/2020,SPCE,34.29
2/25/2020,SPCE,34.04
2/26/2020,SPCE,28.75
2/27/2020,SPCE,21.97
2/28/2020,SPCE,24.6
3/2/2020,SPCE,25.98
3/3/2020,SPCE,24.71
3/4/2020,SPCE,23.76
3/5/2020,SPCE,24.09
3/6/2020,SPCE,21.67
3/9/2020,SPCE,19.44
3/10/2020,SPCE,18.44
3/11/2020,SPCE,16.41
3/12/2020,SPCE,13.81
3/13/2020,SPCE,14.69
3/16/2020,SPCE,11.91
3/17/2020,SPCE,12.66
3/18/2020,SPCE,10.56
3/19/2020,SPCE,10.49
3/20/2020,SPCE,11.23
3/23/2020,SPCE,12.97
3/24/2020,SPCE,16.32
3/25/2020,SPCE,16
3/26/2020,SPCE,17.06
3/27/2020,SPCE,15.38
3/30/2020,SPCE,14.76
3/31/2020,SPCE,14.78
4/1/2020,SPCE,13.3
4/2/2020,SPCE,12.96
4/3/2020,SPCE,12.19
4/6/2020,SPCE,14.3
4/7/2020,SPCE,14.07
4/8/2020,SPCE,15.36
4/9/2020,SPCE,15.27
4/13/2020,SPCE,15.46
4/14/2020,SPCE,19.03
4/15/2020,SPCE,19.98
4/16/2020,SPCE,18.3
4/17/2020,SPCE,18.9
4/20/2020,SPCE,19
4/21/2020,SPCE,16.87
4/22/2020,SPCE,17.27
4/23/2020,SPCE,16.66
4/24/2020,SPCE,17.02
4/27/2020,SPCE,17.89
4/28/2020,SPCE,17.56
4/29/2020,SPCE,18.23
4/30/2020,SPCE,17.62
5/1/2020,SPCE,17.92
5/4/2020,SPCE,16.68
5/5/2020,SPCE,16.62
5/6/2020,SPCE,18.5
5/7/2020,SPCE,19.84
5/8/2020,SPCE,20.18
5/11/2020,SPCE,19.4
5/12/2020,SPCE,17.6
5/13/2020,SPCE,16.54
5/14/2020,SPCE,15.88
5/15/2020,SPCE,15.62
5/18/2020,SPCE,16
5/19/2020,SPCE,15.87
5/20/2020,SPCE,14.86
5/21/2020,SPCE,14.71
5/22/2020,SPCE,15.74
5/26/2020,SPCE,16.33
5/27/2020,SPCE,17.52
5/28/2020,SPCE,16.47
5/29/2020,SPCE,17.04
6/1/2020,SPCE,17.52
6/2/2020,SPCE,15.82
6/3/2020,SPCE,16.39
6/4/2020,SPCE,15.86
6/5/2020,SPCE,15.77
6/8/2020,SPCE,17.29
6/9/2020,SPCE,16.64
6/10/2020,SPCE,16.16
6/11/2020,SPCE,14.46
6/12/2020,SPCE,14.99
6/15/2020,SPCE,15.32
6/16/2020,SPCE,15.35
6/17/2020,SPCE,14.98
6/18/2020,SPCE,15.2
6/19/2020,SPCE,15
6/22/2020,SPCE,17.39
6/23/2020,SPCE,16.45
6/24/2020,SPCE,15.5
6/25/2020,SPCE,15.25
6/26/2020,SPCE,15.55
6/29/2020,SPCE,15.42
6/30/2020,SPCE,16.34
7/1/2020,SPCE,16.7
7/2/2020,SPCE,16.25
7/6/2020,SPCE,16.95
7/7/2020,SPCE,16.55
7/8/2020,SPCE,16.79
7/9/2020,SPCE,19.46
7/10/2020,SPCE,19.25
7/13/2020,SPCE,18.1
7/14/2020,SPCE,18.43
7/15/2020,SPCE,18.55
7/16/2020,SPCE,21.07
7/17/2020,SPCE,24.05
7/20/2020,SPCE,22.98
7/21/2020,SPCE,24.93
7/22/2020,SPCE,25.54
7/23/2020,SPCE,25.15
7/24/2020,SPCE,24.31
7/27/2020,SPCE,24.92
7/28/2020,SPCE,23.86
7/29/2020,SPCE,22.97
7/30/2020,SPCE,22.88
7/31/2020,SPCE,22.45
8/3/2020,SPCE,24.02
8/4/2020,SPCE,20.72
8/5/2020,SPCE,20.15
8/6/2020,SPCE,19.34
8/7/2020,SPCE,18.25
8/10/2020,SPCE,19.23
8/11/2020,SPCE,18.28
8/12/2020,SPCE,18.16
8/13/2020,SPCE,18.77
8/14/2020,SPCE,18.55
8/17/2020,SPCE,18.17
8/18/2020,SPCE,17.73
8/19/2020,SPCE,17.53
8/20/2020,SPCE,17.31
8/21/2020,SPCE,16.87
8/24/2020,SPCE,17.63
8/25/2020,SPCE,17.49
8/26/2020,SPCE,17.34
8/27/2020,SPCE,17.28
8/28/2020,SPCE,17.46
8/31/2020,SPCE,17.9
9/1/2020,SPCE,17.41
9/2/2020,SPCE,17.1
9/3/2020,SPCE,16.53
9/4/2020,SPCE,15.92
9/8/2020,SPCE,17.4
9/9/2020,SPCE,17.71
9/10/2020,SPCE,17.45
9/11/2020,SPCE,16.56
9/14/2020,SPCE,17.39
9/15/2020,SPCE,17.7
9/16/2020,SPCE,17.41
9/17/2020,SPCE,17.18
9/18/2020,SPCE,17.21
9/21/2020,SPCE,16.48
9/22/2020,SPCE,16.47
9/23/2020,SPCE,15.73
9/24/2020,SPCE,15.92
9/25/2020,SPCE,16.43
9/28/2020,SPCE,20.51
9/29/2020,SPCE,20.44
9/30/2020,SPCE,19.23
10/1/2020,SPCE,20.17
10/2/2020,SPCE,20.77
10/5/2020,SPCE,21.01
10/6/2020,SPCE,21.03
10/7/2020,SPCE,21.82
10/8/2020,SPCE,22.09
10/9/2020,SPCE,21.4
10/12/2020,SPCE,20.57
10/13/2020,SPCE,21.81
10/14/2020,SPCE,21.33
10/15/2020,SPCE,21.64
10/16/2020,SPCE,22.44
10/19/2020,SPCE,22.82
10/20/2020,SPCE,23.03
10/21/2020,SPCE,20.44
10/22/2020,SPCE,20.73
10/23/2020,SPCE,19.14
10/26/2020,SPCE,18.32
10/27/2020,SPCE,18.29
10/28/2020,SPCE,17.48
10/29/2020,SPCE,18.18
10/30/2020,SPCE,17.42
11/2/2020,SPCE,17.66
11/3/2020,SPCE,18.45
11/4/2020,SPCE,18.03
11/5/2020,SPCE,19.17
11/6/2020,SPCE,19.03
11/9/2020,SPCE,20.45
11/10/2020,SPCE,20.47
11/11/2020,SPCE,21.94
11/12/2020,SPCE,21.62
11/13/2020,SPCE,22.27
11/16/2020,SPCE,20.89
11/17/2020,SPCE,21.35
11/18/2020,SPCE,22.59
11/19/2020,SPCE,24.05
11/20/2020,SPCE,23.31
11/23/2020,SPCE,24.91
11/24/2020,SPCE,24.96
11/25/2020,SPCE,27.1
11/27/2020,SPCE,27.17
11/30/2020,SPCE,26.61
12/1/2020,SPCE,28.35
12/2/2020,SPCE,27.53
12/3/2020,SPCE,28.08
12/4/2020,SPCE,28.74
12/7/2020,SPCE,33.8
12/8/2020,SPCE,33.39
12/9/2020,SPCE,32.13
12/10/2020,SPCE,32.18
12/11/2020,SPCE,32.04
12/14/2020,SPCE,26.47
12/15/2020,SPCE,24.51
12/16/2020,SPCE,25.86
12/17/2020,SPCE,25.5
12/18/2020,SPCE,23.84
12/21/2020,SPCE,24.8
12/22/2020,SPCE,25.47
12/23/2020,SPCE,26.82
12/24/2020,SPCE,25.85
12/28/2020,SPCE,23.94
12/29/2020,SPCE,23.75
12/30/2020,SPCE,24.01
12/31/2020,SPCE,23.73
1/4/2021,SPCE,23.21
1/5/2021,SPCE,24.12
1/6/2021,SPCE,24.17
1/7/2021,SPCE,25.13
1/8/2021,SPCE,25.22
1/11/2021,SPCE,24.92
1/12/2021,SPCE,26.66
1/13/2021,SPCE,27.56
1/14/2021,SPCE,33.03
1/15/2021,SPCE,30.43
1/19/2021,SPCE,31.65
1/20/2021,SPCE,32.03
1/21/2021,SPCE,33.27
1/22/2021,SPCE,34.28
1/25/2021,SPCE,36
1/26/2021,SPCE,42.05
1/27/2021,SPCE,46.35
1/28/2021,SPCE,43.11
1/29/2021,SPCE,44.29
2/1/2021,SPCE,53.79
2/2/2021,SPCE,48.58
2/3/2021,SPCE,57.12
2/4/2021,SPCE,54.72
2/5/2021,SPCE,54.34
2/8/2021,SPCE,56.25
2/9/2021,SPCE,56.72
2/10/2021,SPCE,52.39
2/11/2021,SPCE,59.41
2/12/2021,SPCE,54.53
2/16/2021,SPCE,50.36
2/17/2021,SPCE,49.59
2/18/2021,SPCE,48.79
2/19/2021,SPCE,51.19
2/22/2021,SPCE,47.13
2/23/2021,SPCE,44.16
2/24/2021,SPCE,46.12
2/25/2021,SPCE,42.24
2/26/2021,SPCE,37.23
3/1/2021,SPCE,38.14
3/2/2021,SPCE,33.77
3/3/2021,SPCE,32.03
3/4/2021,SPCE,30.3
3/5/2021,SPCE,27.29
3/8/2021,SPCE,26.53
3/9/2021,SPCE,30.2
3/10/2021,SPCE,30.59
3/11/2021,SPCE,33.58
3/12/2021,SPCE,34.55
3/15/2021,SPCE,34.8
3/16/2021,SPCE,32.51
3/17/2021,SPCE,33.74
3/18/2021,SPCE,31.96
3/19/2021,SPCE,33.14
3/22/2021,SPCE,32.24
3/23/2021,SPCE,30.93
3/24/2021,SPCE,28.8
3/25/2021,SPCE,29.58
3/26/2021,SPCE,29.59
3/29/2021,SPCE,29.21
3/30/2021,SPCE,30.14
3/31/2021,SPCE,30.63
4/1/2021,SPCE,30.75
4/5/2021,SPCE,29.6
4/6/2021,SPCE,30.71
4/7/2021,SPCE,29.24
4/8/2021,SPCE,29.2
4/9/2021,SPCE,29.28
4/12/2021,SPCE,26.77
4/13/2021,SPCE,26.88
4/14/2021,SPCE,26.68
4/15/2021,SPCE,23.06
4/16/2021,SPCE,23.36
4/19/2021,SPCE,22.46
4/20/2021,SPCE,20.98
4/21/2021,SPCE,22.26
4/22/2021,SPCE,21.72
4/23/2021,SPCE,22.16
4/26/2021,SPCE,23.18
4/27/2021,SPCE,23.51
4/28/2021,SPCE,23.48
4/29/2021,SPCE,22.54
4/30/2021,SPCE,22.15
