Date,SubCount
10/28/2012 20:00,1557
10/29/2012 20:00,1560
10/30/2012 20:00,1560
10/31/2012 20:00,1558
11/1/2012 20:00,1557
11/2/2012 20:00,1557
11/3/2012 20:00,1555
11/4/2012 19:00,1555
11/5/2012 19:00,1555
11/6/2012 19:00,1557
11/7/2012 19:00,1566
11/8/2012 19:00,1568
11/9/2012 19:00,1570
11/10/2012 19:00,1584
11/11/2012 19:00,1597
11/12/2012 19:00,1596
11/13/2012 19:00,1597
11/14/2012 19:00,1600
11/15/2012 19:00,1602
11/16/2012 19:00,1605
11/17/2012 19:00,1604
11/18/2012 19:00,1605
11/19/2012 19:00,1606
11/20/2012 19:00,1606
11/21/2012 19:00,1619
11/22/2012 19:00,1637
11/23/2012 19:00,1641
11/24/2012 19:00,1651
11/25/2012 19:00,1662
11/26/2012 19:00,1673
11/27/2012 19:00,1672
11/28/2012 19:00,1674
11/29/2012 19:00,1685
11/30/2012 19:00,1687
12/1/2012 19:00,1686
12/2/2012 19:00,1685
12/3/2012 19:00,1701
12/4/2012 19:00,1709
12/5/2012 19:00,1716
12/6/2012 19:00,1715
12/7/2012 19:00,1718
12/8/2012 19:00,1722
12/9/2012 19:00,1726
12/10/2012 19:00,1727
12/11/2012 19:00,1728
12/12/2012 19:00,1729
12/13/2012 19:00,1731
12/14/2012 19:00,1731
12/15/2012 19:00,1732
12/16/2012 19:00,1731
12/17/2012 19:00,1731
12/18/2012 19:00,1730
12/19/2012 19:00,1731
12/20/2012 19:00,1732
12/21/2012 19:00,1732
12/22/2012 19:00,1732
12/23/2012 19:00,1732
12/24/2012 19:00,1737
12/25/2012 19:00,1738
12/26/2012 19:00,1739
12/27/2012 19:00,1740
12/28/2012 19:00,1743
12/29/2012 19:00,1743
12/30/2012 19:00,1743
12/31/2012 19:00,1745
1/1/2013 19:00,1748
1/2/2013 19:00,1747
1/3/2013 19:00,1746
1/4/2013 19:00,1746
1/5/2013 19:00,1746
1/6/2013 19:00,1748
1/7/2013 19:00,1853
1/8/2013 19:00,1866
1/9/2013 19:00,1869
1/10/2013 19:00,1872
1/11/2013 19:00,1876
1/12/2013 19:00,1877
1/13/2013 19:00,1874
1/14/2013 19:00,1903
1/15/2013 19:00,1950
1/16/2013 19:00,1956
1/17/2013 19:00,1959
1/18/2013 19:00,1961
1/19/2013 19:00,1963
1/20/2013 19:00,1974
1/21/2013 19:00,1982
1/22/2013 19:00,2003
1/23/2013 19:00,2032
1/24/2013 19:00,2043
1/25/2013 19:00,2049
1/26/2013 19:00,2050
1/27/2013 19:00,2058
1/28/2013 19:00,2060
1/29/2013 19:00,2069
1/30/2013 19:00,2083
1/31/2013 19:00,2089
2/1/2013 19:00,2094
2/2/2013 19:00,2096
2/3/2013 19:00,2096
2/4/2013 19:00,2099
2/5/2013 19:00,2103
2/6/2013 19:00,2105
2/7/2013 19:00,2110
2/8/2013 19:00,2112
2/9/2013 19:00,2110
2/10/2013 19:00,2112
2/11/2013 19:00,2112
2/12/2013 19:00,2112
2/13/2013 19:00,2113
2/14/2013 19:00,2114
2/15/2013 19:00,2121
2/16/2013 19:00,2125
2/17/2013 19:00,2129
2/18/2013 19:00,2134
2/19/2013 19:00,2136
2/20/2013 19:00,2146
2/21/2013 19:00,2151
2/22/2013 19:00,2151
2/23/2013 19:00,2150
2/24/2013 19:00,2150
2/25/2013 19:00,2153
2/26/2013 19:00,2160
2/27/2013 19:00,2164
2/28/2013 19:00,2178
3/1/2013 19:00,2185
3/2/2013 19:00,2187
3/3/2013 19:00,2189
3/4/2013 19:00,2193
3/5/2013 19:00,2214
3/6/2013 19:00,2216
3/7/2013 19:00,2222
3/8/2013 19:00,2222
3/9/2013 19:00,2222
3/10/2013 20:00,2223
3/11/2013 20:00,2223
3/12/2013 20:00,2224
3/13/2013 20:00,2224
3/14/2013 20:00,2225
3/15/2013 20:00,2228
3/16/2013 20:00,2230
3/17/2013 20:00,2233
3/18/2013 20:00,2234
3/19/2013 20:00,2235
3/20/2013 20:00,2236
3/21/2013 20:00,2251
3/22/2013 20:00,2311
3/23/2013 20:00,2316
3/24/2013 20:00,2321
3/25/2013 20:00,2328
3/26/2013 20:00,2329
3/27/2013 20:00,2330
3/28/2013 20:00,2330
3/29/2013 20:00,2329
3/30/2013 20:00,2332
3/31/2013 20:00,2335
4/1/2013 20:00,2344
4/2/2013 20:00,2369
4/3/2013 20:00,2389
4/4/2013 20:00,2409
4/5/2013 20:00,2411
4/6/2013 20:00,2413
4/7/2013 20:00,2416
4/8/2013 20:00,2416
4/9/2013 20:00,2417
4/10/2013 20:00,2428
4/11/2013 20:00,2428
4/12/2013 20:00,2426
4/13/2013 20:00,2426
4/14/2013 20:00,2424
4/15/2013 20:00,2424
4/16/2013 20:00,2434
4/17/2013 20:00,2436
4/18/2013 20:00,2436
4/19/2013 20:00,2438
4/20/2013 20:00,2440
4/21/2013 20:00,2441
4/22/2013 20:00,2442
4/23/2013 20:00,2444
4/24/2013 20:00,2465
4/25/2013 20:00,2466
4/26/2013 20:00,2468
4/27/2013 20:00,2473
4/28/2013 20:00,2476
4/29/2013 20:00,2477
4/30/2013 20:00,2478
5/1/2013 20:00,2477
5/2/2013 20:00,2486
5/3/2013 20:00,2488
5/4/2013 20:00,2488
5/5/2013 20:00,2489
5/6/2013 20:00,2493
5/7/2013 20:00,2500
5/8/2013 20:00,2505
5/9/2013 20:00,2513
5/10/2013 20:00,2513
5/11/2013 20:00,2513
5/12/2013 20:00,2517
5/13/2013 20:00,2519
5/14/2013 20:00,2525
5/15/2013 20:00,2529
5/16/2013 20:00,2530
5/17/2013 20:00,2533
5/18/2013 20:00,2537
5/19/2013 20:00,2544
5/20/2013 20:00,2551
5/21/2013 20:00,2556
5/22/2013 20:00,2559
5/23/2013 20:00,2565
5/24/2013 20:00,2566
5/25/2013 20:00,2566
5/26/2013 20:00,2572
5/27/2013 20:00,2578
5/28/2013 20:00,2657
5/29/2013 20:00,2684
5/30/2013 20:00,2712
5/31/2013 20:00,2781
6/1/2013 20:00,2785
6/2/2013 20:00,2801
6/3/2013 20:00,2832
6/4/2013 20:00,2835
6/5/2013 20:00,2840
6/6/2013 20:00,2846
6/7/2013 20:00,2848
6/8/2013 20:00,2852
6/9/2013 20:00,2854
6/10/2013 20:00,2889
6/11/2013 20:00,2897
6/12/2013 20:00,2902
6/13/2013 20:00,2905
6/14/2013 20:00,2907
6/15/2013 20:00,2908
6/16/2013 20:00,2912
6/17/2013 20:00,2915
6/18/2013 20:00,2918
6/19/2013 20:00,2919
6/20/2013 20:00,2923
6/21/2013 20:00,2924
6/22/2013 20:00,2927
6/23/2013 20:00,2931
6/24/2013 20:00,2933
6/25/2013 20:00,2938
6/26/2013 20:00,2940
6/27/2013 20:00,2941
6/28/2013 20:00,2940
6/29/2013 20:00,2942
6/30/2013 20:00,2943
7/1/2013 20:00,2948
7/2/2013 20:00,2948
7/3/2013 20:00,2949
7/4/2013 20:00,2952
7/5/2013 20:00,2951
7/6/2013 20:00,2952
7/7/2013 20:00,2956
7/8/2013 20:00,2962
7/9/2013 20:00,2972
7/10/2013 20:00,2976
7/11/2013 20:00,2978
7/12/2013 20:00,2980
7/13/2013 20:00,2978
7/14/2013 20:00,2979
7/15/2013 20:00,2978
7/16/2013 20:00,2982
7/17/2013 20:00,3013
7/18/2013 20:00,3034
7/19/2013 20:00,3039
7/20/2013 20:00,3043
7/21/2013 20:00,3050
7/22/2013 20:00,3051
7/23/2013 20:00,3060
7/24/2013 20:00,3068
7/25/2013 20:00,3087
7/26/2013 20:00,3090
7/27/2013 20:00,3093
7/28/2013 20:00,3096
7/29/2013 20:00,3096
7/30/2013 20:00,3101
7/31/2013 20:00,3105
8/1/2013 20:00,3121
8/2/2013 20:00,3125
8/3/2013 20:00,3123
8/4/2013 20:00,3135
8/5/2013 20:00,3142
8/6/2013 20:00,3148
8/7/2013 20:00,3152
8/8/2013 20:00,3157
8/9/2013 20:00,3155
8/10/2013 20:00,3159
8/11/2013 20:00,3160
8/12/2013 20:00,3163
8/13/2013 20:00,3170
8/14/2013 20:00,3176
8/15/2013 20:00,3176
8/16/2013 20:00,3176
8/17/2013 20:00,3178
8/18/2013 20:00,3183
8/19/2013 20:00,3185
8/20/2013 20:00,3187
8/21/2013 20:00,3187
8/22/2013 20:00,3186
8/23/2013 20:00,3193
8/24/2013 20:00,3196
8/25/2013 20:00,3200
8/26/2013 20:00,3204
8/27/2013 20:00,3211
8/28/2013 20:00,3214
8/29/2013 20:00,3238
8/30/2013 20:00,3247
8/31/2013 20:00,3250
9/1/2013 20:00,3257
9/2/2013 20:00,3260
9/3/2013 20:00,3267
9/4/2013 20:00,3274
9/5/2013 20:00,3276
9/6/2013 20:00,3276
9/7/2013 20:00,3280
9/8/2013 20:00,3281
9/9/2013 20:00,3283
9/10/2013 20:00,3286
9/11/2013 20:00,3287
9/12/2013 20:00,3291
9/13/2013 20:00,3294
9/14/2013 20:00,3297
9/15/2013 20:00,3300
9/16/2013 20:00,3303
9/17/2013 20:00,3308
9/18/2013 20:00,3312
9/19/2013 20:00,3314
9/20/2013 20:00,3316
9/21/2013 20:00,3319
9/22/2013 20:00,3322
9/23/2013 20:00,3326
9/24/2013 20:00,3336
9/25/2013 20:00,3339
9/26/2013 20:00,3346
9/27/2013 20:00,3347
9/28/2013 20:00,3353
9/29/2013 20:00,3353
9/30/2013 20:00,3397
10/1/2013 20:00,3411
10/2/2013 20:00,3412
10/3/2013 20:00,3411
10/4/2013 20:00,3413
10/5/2013 20:00,3415
10/6/2013 20:00,3419
10/7/2013 20:00,3422
10/8/2013 20:00,3424
10/9/2013 20:00,3424
10/10/2013 20:00,3425
10/11/2013 20:00,3424
10/12/2013 20:00,3425
10/13/2013 20:00,3429
10/14/2013 20:00,3431
10/15/2013 20:00,3448
10/16/2013 20:00,3455
10/17/2013 20:00,3459
10/18/2013 20:00,3462
10/19/2013 20:00,3473
10/20/2013 20:00,3479
10/21/2013 20:00,3483
10/22/2013 20:00,3485
10/23/2013 20:00,3495
10/24/2013 20:00,3510
10/25/2013 20:00,3511
10/26/2013 20:00,3533
10/27/2013 20:00,3559
10/28/2013 20:00,3564
10/29/2013 20:00,3572
10/30/2013 20:00,3598
10/31/2013 20:00,3616
11/1/2013 20:00,3621
11/2/2013 20:00,3625
11/3/2013 19:00,3641
11/4/2013 19:00,3646
11/5/2013 19:00,3650
11/6/2013 19:00,3655
11/7/2013 19:00,3664
11/8/2013 19:00,3663
11/9/2013 19:00,3668
11/10/2013 19:00,3670
11/11/2013 19:00,3674
11/12/2013 19:00,3689
11/13/2013 19:00,3706
11/14/2013 19:00,3711
11/15/2013 19:00,3717
11/16/2013 19:00,3718
11/17/2013 19:00,3727
11/18/2013 19:00,3734
11/19/2013 19:00,3755
11/20/2013 19:00,3771
11/21/2013 19:00,3780
11/22/2013 19:00,3784
11/23/2013 19:00,3791
11/24/2013 19:00,3798
11/25/2013 19:00,3823
11/26/2013 19:00,3842
11/27/2013 19:00,3861
11/28/2013 19:00,3866
11/29/2013 19:00,3873
11/30/2013 19:00,3883
12/1/2013 19:00,3891
12/2/2013 19:00,3905
12/3/2013 19:00,3923
12/4/2013 19:00,3934
12/5/2013 19:00,3936
12/6/2013 19:00,3937
12/7/2013 19:00,3939
12/8/2013 19:00,3949
12/9/2013 19:00,3949
12/10/2013 19:00,3951
12/11/2013 19:00,3959
12/12/2013 19:00,3964
12/13/2013 19:00,3966
12/14/2013 19:00,3970
12/15/2013 19:00,3998
12/16/2013 19:00,4002
12/17/2013 19:00,4007
12/18/2013 19:00,4020
12/19/2013 19:00,4057
12/20/2013 19:00,4064
12/21/2013 19:00,4083
12/22/2013 19:00,4092
12/23/2013 19:00,4095
12/24/2013 19:00,4101
12/25/2013 19:00,4118
12/26/2013 19:00,4124
12/27/2013 19:00,4131
12/28/2013 19:00,4142
12/29/2013 19:00,4151
12/30/2013 19:00,4158
12/31/2013 19:00,4168
1/1/2014 19:00,4177
1/2/2014 19:00,4186
1/3/2014 19:00,4198
1/4/2014 19:00,4208
1/5/2014 19:00,4218
1/6/2014 19:00,4234
1/7/2014 19:00,4244
1/8/2014 19:00,4271
1/9/2014 19:00,4285
1/10/2014 19:00,4285
1/11/2014 19:00,4292
1/12/2014 19:00,4309
1/13/2014 19:00,4320
1/14/2014 19:00,4337
1/15/2014 19:00,4347
1/16/2014 19:00,4359
1/17/2014 19:00,4373
1/18/2014 19:00,4395
1/19/2014 19:00,4428
1/20/2014 19:00,4483
1/21/2014 19:00,4539
1/22/2014 19:00,4560
1/23/2014 19:00,4585
1/24/2014 19:00,4609
1/25/2014 19:00,4625
1/26/2014 19:00,4643
1/27/2014 19:00,4677
1/28/2014 19:00,4713
1/29/2014 19:00,4779
1/30/2014 19:00,4798
1/31/2014 19:00,4816
2/1/2014 19:00,4830
2/2/2014 19:00,4868
2/3/2014 19:00,4881
2/4/2014 19:00,4891
2/5/2014 19:00,5071
2/6/2014 19:00,5104
2/7/2014 19:00,5290
2/8/2014 19:00,5380
2/9/2014 19:00,5412
2/10/2014 19:00,5463
2/11/2014 19:00,5506
2/12/2014 19:00,5518
2/13/2014 19:00,5524
2/14/2014 19:00,5536
2/15/2014 19:00,5549
2/16/2014 19:00,5567
2/17/2014 19:00,5575
2/18/2014 19:00,5593
2/19/2014 19:00,5604
2/20/2014 19:00,5620
2/21/2014 19:00,5621
2/22/2014 19:00,5626
2/23/2014 19:00,5637
2/24/2014 19:00,5647
2/25/2014 19:00,5668
2/26/2014 19:00,5675
2/27/2014 19:00,5686
2/28/2014 19:00,5692
3/1/2014 19:00,5704
3/2/2014 19:00,5706
3/3/2014 19:00,5733
3/4/2014 19:00,5753
3/5/2014 19:00,5782
3/6/2014 19:00,5798
3/7/2014 19:00,5821
3/8/2014 19:00,5830
3/9/2014 20:00,5839
3/10/2014 20:00,5856
3/11/2014 20:00,5868
3/12/2014 20:00,5877
3/13/2014 20:00,5908
3/14/2014 20:00,5915
3/15/2014 20:00,5926
3/16/2014 20:00,5938
3/17/2014 20:00,5948
3/18/2014 20:00,5971
3/19/2014 20:00,5982
3/20/2014 20:00,5990
3/21/2014 20:00,6002
3/22/2014 20:00,6010
3/23/2014 20:00,6024
3/24/2014 20:00,6033
3/25/2014 20:00,6041
3/26/2014 20:00,6047
3/27/2014 20:00,6059
3/28/2014 20:00,6064
3/29/2014 20:00,6071
3/30/2014 20:00,6080
3/31/2014 20:00,6085
4/1/2014 20:00,6092
4/2/2014 20:00,6095
4/3/2014 20:00,6095
4/4/2014 20:00,6098
4/5/2014 20:00,6100
4/6/2014 20:00,6110
4/7/2014 20:00,6121
4/8/2014 20:00,6121
4/9/2014 20:00,6129
4/10/2014 20:00,6136
4/11/2014 20:00,6136
4/12/2014 20:00,6144
4/13/2014 20:00,6151
4/14/2014 20:00,6163
4/15/2014 20:00,6172
4/16/2014 20:00,6186
4/17/2014 20:00,6198
4/18/2014 20:00,6203
4/19/2014 20:00,6218
4/20/2014 20:00,6223
4/21/2014 20:00,6221
4/22/2014 20:00,6250
4/23/2014 20:00,6259
4/24/2014 20:00,6268
4/25/2014 20:00,6273
4/26/2014 20:00,6282
4/27/2014 20:00,6286
4/28/2014 20:00,6292
4/29/2014 20:00,6296
4/30/2014 20:00,6301
5/1/2014 20:00,6304
5/2/2014 20:00,6310
5/3/2014 20:00,6311
5/4/2014 20:00,6317
5/5/2014 20:00,6318
5/6/2014 20:00,6322
5/7/2014 20:00,6328
5/8/2014 20:00,6330
5/9/2014 20:00,6330
5/10/2014 20:00,6330
5/11/2014 20:00,6335
5/12/2014 20:00,6340
5/13/2014 20:00,6347
5/14/2014 20:00,6350
5/15/2014 20:00,6360
5/16/2014 20:00,6366
5/17/2014 20:00,6367
5/18/2014 20:00,6381
5/19/2014 20:00,6457
5/20/2014 20:00,6471
5/21/2014 20:00,6480
5/22/2014 20:00,6489
5/23/2014 20:00,6496
5/24/2014 20:00,6500
5/25/2014 20:00,6503
5/26/2014 20:00,6502
5/27/2014 20:00,6507
5/28/2014 20:00,6516
5/29/2014 20:00,6519
5/30/2014 20:00,6523
5/31/2014 20:00,6525
6/1/2014 20:00,6527
6/2/2014 20:00,6529
6/3/2014 20:00,6531
6/4/2014 20:00,6535
6/5/2014 20:00,6537
6/6/2014 20:00,6540
6/7/2014 20:00,6556
6/8/2014 20:00,6560
6/9/2014 20:00,6564
6/10/2014 20:00,6570
6/11/2014 20:00,6576
6/12/2014 20:00,6586
6/13/2014 20:00,6586
6/14/2014 20:00,6587
6/15/2014 20:00,6589
6/16/2014 20:00,6592
6/17/2014 20:00,6595
6/18/2014 20:00,6598
6/19/2014 20:00,6601
6/20/2014 20:00,6601
6/21/2014 20:00,6604
6/22/2014 20:00,6608
6/23/2014 20:00,6611
6/24/2014 20:00,6614
6/25/2014 20:00,6640
6/26/2014 20:00,6645
6/27/2014 20:00,6650
6/28/2014 20:00,6654
6/29/2014 20:00,6660
6/30/2014 20:00,6663
7/1/2014 20:00,6673
7/2/2014 20:00,6686
7/3/2014 20:00,6694
7/4/2014 20:00,6700
7/5/2014 20:00,6701
7/6/2014 20:00,6702
7/7/2014 20:00,6708
7/8/2014 20:00,6716
7/9/2014 20:00,6725
7/10/2014 20:00,6728
7/11/2014 20:00,6731
7/12/2014 20:00,6731
7/13/2014 20:00,6740
7/14/2014 20:00,6745
7/15/2014 20:00,6748
7/16/2014 20:00,6756
7/17/2014 20:00,6755
7/18/2014 20:00,6768
7/19/2014 20:00,6823
7/20/2014 20:00,6863
7/21/2014 20:00,6868
7/22/2014 20:00,6881
7/23/2014 20:00,6889
7/24/2014 20:00,6889
7/25/2014 20:00,6890
7/26/2014 20:00,6893
7/27/2014 20:00,6906
7/28/2014 20:00,6894
7/29/2014 20:00,6897
7/30/2014 20:00,6895
7/31/2014 20:00,6900
8/1/2014 20:00,6906
8/2/2014 20:00,6910
8/3/2014 20:00,6910
8/4/2014 20:00,6913
8/5/2014 20:00,6917
8/6/2014 20:00,6925
8/7/2014 20:00,6929
8/8/2014 20:00,6933
8/9/2014 20:00,6937
8/10/2014 20:00,6935
8/11/2014 20:00,6938
8/12/2014 20:00,6941
8/13/2014 20:00,6939
8/14/2014 20:00,6941
8/15/2014 20:00,6942
8/16/2014 20:00,6951
8/17/2014 20:00,6964
8/18/2014 20:00,6967
8/19/2014 20:00,6969
8/20/2014 20:00,6972
8/21/2014 20:00,6977
8/22/2014 20:00,6979
8/23/2014 20:00,7049
8/24/2014 20:00,7079
8/25/2014 20:00,7086
8/26/2014 20:00,7091
8/27/2014 20:00,7108
8/28/2014 20:00,7122
8/29/2014 20:00,7129
8/30/2014 20:00,7135
8/31/2014 20:00,7138
9/1/2014 20:00,7142
9/2/2014 20:00,7154
9/3/2014 20:00,7179
9/4/2014 20:00,7193
9/5/2014 20:00,7201
9/6/2014 20:00,7207
9/7/2014 20:00,7228
9/8/2014 20:00,7235
9/9/2014 20:00,7254
9/10/2014 20:00,7262
9/11/2014 20:00,7267
9/12/2014 20:00,7266
9/13/2014 20:00,7271
9/14/2014 20:00,7279
9/15/2014 20:00,7288
9/16/2014 20:00,7291
9/17/2014 20:00,7296
9/18/2014 20:00,7300
9/19/2014 20:00,7307
9/20/2014 20:00,7315
9/21/2014 20:00,7321
9/22/2014 20:00,7327
9/23/2014 20:00,7334
9/24/2014 20:00,7338
9/25/2014 20:00,7346
9/26/2014 20:00,7350
9/27/2014 20:00,7352
9/28/2014 20:00,7360
9/29/2014 20:00,7365
9/30/2014 20:00,7374
10/1/2014 20:00,7377
10/2/2014 20:00,7383
10/3/2014 20:00,7387
10/4/2014 20:00,7390
10/5/2014 20:00,7395
10/6/2014 20:00,7394
10/7/2014 20:00,7404
10/8/2014 20:00,7433
10/9/2014 20:00,7437
10/10/2014 20:00,7437
10/11/2014 20:00,7442
10/12/2014 20:00,7452
10/13/2014 20:00,7457
10/14/2014 20:00,7466
10/15/2014 20:00,7505
10/16/2014 20:00,7541
10/17/2014 20:00,7707
10/18/2014 20:00,7720
10/19/2014 20:00,7753
10/20/2014 20:00,7781
10/21/2014 20:00,7817
10/22/2014 20:00,7836
10/23/2014 20:00,7862
10/24/2014 20:00,7891
10/25/2014 20:00,7900
10/26/2014 20:00,7911
10/27/2014 20:00,7927
10/28/2014 20:00,7936
10/29/2014 20:00,7942
10/30/2014 20:00,7945
10/31/2014 20:00,7953
11/1/2014 20:00,7969
11/2/2014 19:00,7978
11/3/2014 19:00,7987
11/4/2014 19:00,7995
11/5/2014 19:00,8006
11/6/2014 19:00,8026
11/7/2014 19:00,8035
11/8/2014 19:00,8041
11/9/2014 19:00,8047
11/10/2014 19:00,8062
11/11/2014 19:00,8066
11/12/2014 19:00,8069
11/13/2014 19:00,8076
11/14/2014 19:00,8079
11/15/2014 19:00,8089
11/16/2014 19:00,8107
11/17/2014 19:00,8120
11/18/2014 19:00,8126
11/19/2014 19:00,8135
11/20/2014 19:00,8140
11/21/2014 19:00,8149
11/22/2014 19:00,8154
11/23/2014 19:00,8168
11/24/2014 19:00,8181
11/25/2014 19:00,8202
11/26/2014 19:00,8207
11/27/2014 19:00,8210
11/28/2014 19:00,8215
11/29/2014 19:00,8223
11/30/2014 19:00,8232
12/1/2014 19:00,8250
12/2/2014 19:00,8265
12/3/2014 19:00,8278
12/4/2014 19:00,8285
12/5/2014 19:00,8287
12/6/2014 19:00,8298
12/7/2014 19:00,8303
12/8/2014 19:00,8310
12/9/2014 19:00,8312
12/10/2014 19:00,8320
12/11/2014 19:00,8321
12/12/2014 19:00,8324
12/13/2014 19:00,8440
12/14/2014 19:00,8495
12/15/2014 19:00,8525
12/16/2014 19:00,8543
12/17/2014 19:00,8550
12/18/2014 19:00,8554
12/19/2014 19:00,8558
12/20/2014 19:00,8569
12/21/2014 19:00,8576
12/22/2014 19:00,8579
12/23/2014 19:00,8583
12/24/2014 19:00,8585
12/25/2014 19:00,8616
12/26/2014 19:00,8627
12/27/2014 19:00,8637
12/28/2014 19:00,8651
12/29/2014 19:00,8669
12/30/2014 19:00,8679
12/31/2014 19:00,8686
1/1/2015 19:00,8696
1/2/2015 19:00,8716
1/3/2015 19:00,8739
1/4/2015 19:00,8751
1/5/2015 19:00,8770
1/6/2015 19:00,8780
1/7/2015 19:00,8782
1/8/2015 19:00,8783
1/9/2015 19:00,8799
1/10/2015 19:00,8809
1/11/2015 19:00,8830
1/12/2015 19:00,8843
1/13/2015 19:00,8850
1/14/2015 19:00,8914
1/15/2015 19:00,8950
1/16/2015 19:00,8956
1/17/2015 19:00,9017
1/18/2015 19:00,9036
1/19/2015 19:00,9121
1/20/2015 19:00,9161
1/21/2015 19:00,9186
1/22/2015 19:00,9195
1/23/2015 19:00,9202
1/24/2015 19:00,9211
1/25/2015 19:00,9236
1/26/2015 19:00,9320
1/27/2015 19:00,9356
1/28/2015 19:00,9373
1/29/2015 19:00,9389
1/30/2015 19:00,9399
1/31/2015 19:00,9412
2/1/2015 19:00,9425
2/2/2015 19:00,9431
2/3/2015 19:00,9444
2/4/2015 19:00,9470
2/5/2015 19:00,9487
2/6/2015 19:00,9496
2/7/2015 19:00,9514
2/8/2015 19:00,9526
2/9/2015 19:00,9537
2/10/2015 19:00,9559
2/11/2015 19:00,9579
2/12/2015 19:00,9648
2/13/2015 19:00,9695
2/14/2015 19:00,9722
2/15/2015 19:00,9746
2/16/2015 19:00,9762
2/17/2015 19:00,9783
2/18/2015 19:00,9794
2/19/2015 19:00,9806
2/20/2015 19:00,9818
2/21/2015 19:00,9842
2/22/2015 19:00,9859
2/23/2015 19:00,9872
2/24/2015 19:00,9885
2/25/2015 19:00,9891
2/26/2015 19:00,9902
2/27/2015 19:00,9902
2/28/2015 19:00,9918
3/1/2015 19:00,9927
3/2/2015 19:00,9952
3/3/2015 19:00,9970
3/4/2015 19:00,9993
3/5/2015 19:00,10009
3/6/2015 19:00,10029
3/7/2015 19:00,10037
3/8/2015 20:00,10046
3/9/2015 20:00,10060
3/10/2015 20:00,10276
3/11/2015 20:00,10331
3/12/2015 20:00,10351
3/13/2015 20:00,10435
3/14/2015 20:00,10456
3/15/2015 20:00,10496
3/16/2015 20:00,10503
3/17/2015 20:00,10514
3/18/2015 20:00,10535
3/19/2015 20:00,10534
3/20/2015 20:00,10539
3/21/2015 20:00,10568
3/22/2015 20:00,10633
3/23/2015 20:00,10645
3/24/2015 20:00,10657
3/25/2015 20:00,10668
3/26/2015 20:00,10685
3/27/2015 20:00,10691
3/28/2015 20:00,10700
3/29/2015 20:00,10721
3/30/2015 20:00,10738
3/31/2015 20:00,10760
4/1/2015 20:00,10771
4/2/2015 20:00,10785
4/3/2015 20:00,10792
4/4/2015 20:00,10845
4/5/2015 20:00,10858
4/6/2015 20:00,10875
4/7/2015 20:00,10893
4/8/2015 20:00,10908
4/9/2015 20:00,10969
4/10/2015 20:00,10986
4/11/2015 20:00,11002
4/12/2015 20:00,11020
4/13/2015 20:00,11035
4/14/2015 20:00,11056
4/15/2015 20:00,11072
4/16/2015 20:00,11079
4/17/2015 20:00,11091
4/18/2015 20:00,11101
4/19/2015 20:00,11125
4/20/2015 20:00,11156
4/21/2015 20:00,11173
4/22/2015 20:00,11203
4/23/2015 20:00,11210
4/24/2015 20:00,11225
4/25/2015 20:00,11236
4/26/2015 20:00,11654
4/27/2015 20:00,11839
4/28/2015 20:00,12344
4/29/2015 20:00,12432
4/30/2015 20:00,12433
5/1/2015 20:00,12465
5/2/2015 20:00,12477
5/3/2015 20:00,12490
5/4/2015 20:00,12531
5/5/2015 20:00,12581
5/6/2015 20:00,12631
5/7/2015 20:00,12656
5/8/2015 20:00,12672
5/9/2015 20:00,12698
5/10/2015 20:00,12726
5/11/2015 20:00,12767
5/12/2015 20:00,12795
5/13/2015 20:00,12829
5/14/2015 20:00,12832
5/15/2015 20:00,12850
5/16/2015 20:00,12869
5/17/2015 20:00,12886
5/18/2015 20:00,12913
5/19/2015 20:00,12954
5/20/2015 20:00,12994
5/21/2015 20:00,13001
5/22/2015 20:00,13010
5/23/2015 20:00,13024
5/24/2015 20:00,13039
5/25/2015 20:00,13052
5/26/2015 20:00,13070
5/27/2015 20:00,13116
5/28/2015 20:00,13135
5/29/2015 20:00,13152
5/30/2015 20:00,13224
5/31/2015 20:00,13265
6/1/2015 20:00,13310
6/2/2015 20:00,13366
6/3/2015 20:00,13389
6/4/2015 20:00,13396
6/5/2015 20:00,13410
6/6/2015 20:00,13453
6/7/2015 20:00,13472
6/8/2015 20:00,13514
6/9/2015 20:00,13616
6/10/2015 20:00,13670
6/11/2015 20:00,13686
6/12/2015 20:00,13696
6/13/2015 20:00,13700
6/14/2015 20:00,13716
6/15/2015 20:00,13733
6/16/2015 20:00,13769
6/17/2015 20:00,13788
6/18/2015 20:00,13799
6/19/2015 20:00,13807
6/20/2015 20:00,13847
6/21/2015 20:00,13867
6/22/2015 20:00,13913
6/23/2015 20:00,13935
6/24/2015 20:00,13962
6/25/2015 20:00,14014
6/26/2015 20:00,14046
6/27/2015 20:00,14085
6/28/2015 20:00,14176
6/29/2015 20:00,14217
6/30/2015 20:00,14254
7/1/2015 20:00,14277
7/2/2015 20:00,14296
7/3/2015 20:00,14310
7/4/2015 20:00,14330
7/5/2015 20:00,14385
7/6/2015 20:00,14435
7/7/2015 20:00,14486
7/8/2015 20:00,14597
7/9/2015 20:00,14674
7/10/2015 20:00,14705
7/11/2015 20:00,14738
7/12/2015 20:00,14792
7/13/2015 20:00,14873
7/14/2015 20:00,14942
7/15/2015 20:00,15026
7/16/2015 20:00,15073
7/17/2015 20:00,15104
7/18/2015 20:00,15163
7/19/2015 20:00,15208
7/20/2015 20:00,15266
7/21/2015 20:00,15351
7/22/2015 20:00,15425
7/23/2015 20:00,15474
7/24/2015 20:00,15502
7/25/2015 20:00,15640
7/26/2015 20:00,15945
7/27/2015 20:00,16045
7/28/2015 20:00,16105
7/29/2015 20:00,16145
7/30/2015 20:00,16272
7/31/2015 20:00,16314
8/1/2015 20:00,16379
8/2/2015 20:00,16430
8/3/2015 20:00,16476
8/4/2015 20:00,16526
8/5/2015 20:00,16556
8/6/2015 20:00,16646
8/7/2015 20:00,16705
8/8/2015 20:00,16748
8/9/2015 20:00,16800
8/10/2015 20:00,16854
8/11/2015 20:00,16907
8/12/2015 20:00,16939
8/13/2015 20:00,16959
8/14/2015 20:00,17017
8/15/2015 20:00,17077
8/16/2015 20:00,17144
8/17/2015 20:00,17207
8/18/2015 20:00,17272
8/19/2015 20:00,17393
8/20/2015 20:00,17498
8/21/2015 20:00,17575
8/22/2015 20:00,17628
8/23/2015 20:00,17801
8/24/2015 20:00,18269
8/25/2015 20:00,18362
8/26/2015 20:00,18465
8/27/2015 20:00,18634
8/28/2015 20:00,18765
8/29/2015 20:00,18838
8/30/2015 20:00,18911
8/31/2015 20:00,19161
9/1/2015 20:00,19398
9/2/2015 20:00,19635
9/3/2015 20:00,19872
9/4/2015 20:00,19875
9/5/2015 20:00,19911
9/6/2015 20:00,19951
9/7/2015 20:00,20074
9/8/2015 20:00,20752
9/9/2015 20:00,20915
9/10/2015 20:00,20963
9/11/2015 20:00,20997
9/12/2015 20:00,21030
9/13/2015 20:00,21063
9/14/2015 20:00,21095
9/15/2015 20:00,21122
9/16/2015 20:00,21172
9/17/2015 20:00,21205
9/18/2015 20:00,21219
9/19/2015 20:00,21237
9/20/2015 20:00,21381
9/21/2015 20:00,21437
9/22/2015 20:00,21476
9/23/2015 20:00,21517
9/24/2015 20:00,21558
9/25/2015 20:00,21613
9/26/2015 20:00,21642
9/27/2015 20:00,21681
9/28/2015 20:00,21708
9/29/2015 20:00,21736
9/30/2015 20:00,21770
10/1/2015 20:00,21798
10/2/2015 20:00,21826
10/3/2015 20:00,21839
10/4/2015 20:00,21886
10/5/2015 20:00,21925
10/6/2015 20:00,22013
10/7/2015 20:00,22128
10/8/2015 20:00,22176
10/9/2015 20:00,22201
10/10/2015 20:00,22301
10/11/2015 20:00,22327
10/12/2015 20:00,22384
10/13/2015 20:00,22419
10/14/2015 20:00,22469
10/15/2015 20:00,22534
10/16/2015 20:00,22574
10/17/2015 20:00,22620
10/18/2015 20:00,22658
10/19/2015 20:00,22719
10/20/2015 20:00,22774
10/21/2015 20:00,22818
10/22/2015 20:00,22866
10/23/2015 20:00,22924
10/24/2015 20:00,23043
10/25/2015 20:00,23153
10/26/2015 20:00,23233
10/27/2015 20:00,23280
10/28/2015 20:00,23309
10/29/2015 20:00,23386
10/30/2015 20:00,23411
10/31/2015 20:00,23449
11/1/2015 19:00,23490
11/2/2015 19:00,23579
11/3/2015 19:00,23648
11/4/2015 19:00,23731
11/5/2015 19:00,23806
11/6/2015 19:00,23846
11/7/2015 19:00,23928
11/8/2015 19:00,24002
11/9/2015 19:00,24082
11/10/2015 19:00,24121
11/11/2015 19:00,24233
11/12/2015 19:00,24335
11/13/2015 19:00,24352
11/14/2015 19:00,24459
11/15/2015 19:00,24576
11/16/2015 19:00,24614
11/17/2015 19:00,24675
11/18/2015 19:00,24747
11/19/2015 19:00,24819
11/20/2015 19:00,24861
11/21/2015 19:00,24883
11/22/2015 19:00,24948
11/23/2015 19:00,25013
11/24/2015 19:00,25097
11/25/2015 19:00,25138
11/26/2015 19:00,25202
11/27/2015 19:00,25243
11/28/2015 19:00,25261
11/29/2015 19:00,25319
11/30/2015 19:00,25385
12/1/2015 19:00,25445
12/2/2015 19:00,25478
12/3/2015 19:00,25497
12/4/2015 19:00,25566
12/5/2015 19:00,25609
12/6/2015 19:00,25672
12/7/2015 19:00,25713
12/8/2015 19:00,25765
12/9/2015 19:00,25837
12/10/2015 19:00,25911
12/11/2015 19:00,25943
12/12/2015 19:00,25995
12/13/2015 19:00,26112
12/14/2015 19:00,26140
12/15/2015 19:00,26173
12/16/2015 19:00,26313
12/17/2015 19:00,26351
12/18/2015 19:00,26357
12/19/2015 19:00,26369
12/20/2015 19:00,26375
12/21/2015 19:00,26403
12/22/2015 19:00,26409
12/23/2015 19:00,26408
12/24/2015 19:00,26414
12/25/2015 19:00,26433
12/26/2015 19:00,26448
12/27/2015 19:00,26465
12/28/2015 19:00,26484
12/29/2015 19:00,26512
12/30/2015 19:00,26536
12/31/2015 19:00,26556
1/1/2016 19:00,26595
1/2/2016 19:00,26628
1/3/2016 19:00,26867
1/4/2016 19:00,26923
1/5/2016 19:00,26989
1/6/2016 19:00,27173
1/7/2016 19:00,27280
1/8/2016 19:00,27369
1/9/2016 19:00,27605
1/10/2016 19:00,27721
1/11/2016 19:00,27796
1/12/2016 19:00,28076
1/13/2016 19:00,28278
1/14/2016 19:00,29689
1/15/2016 19:00,30907
1/16/2016 19:00,31099
1/17/2016 19:00,31272
1/18/2016 19:00,31440
1/19/2016 19:00,31783
1/20/2016 19:00,31943
1/21/2016 19:00,32208
1/22/2016 19:00,32659
1/23/2016 19:00,33060
1/24/2016 19:00,33282
1/25/2016 19:00,33398
1/26/2016 19:00,33474
1/27/2016 19:00,33565
1/28/2016 19:00,33624
1/29/2016 19:00,33748
1/30/2016 19:00,33866
1/31/2016 19:00,34093
2/1/2016 19:00,34208
2/2/2016 19:00,34285
2/3/2016 19:00,34374
2/4/2016 19:00,34496
2/5/2016 19:00,34591
2/6/2016 19:00,34647
2/7/2016 19:00,34723
2/8/2016 19:00,34882
2/9/2016 19:00,35018
2/10/2016 19:00,35119
2/11/2016 19:00,35201
2/12/2016 19:00,35273
2/13/2016 19:00,35389
2/14/2016 19:00,35455
2/15/2016 19:00,35516
2/16/2016 19:00,35640
2/17/2016 19:00,35767
2/18/2016 19:00,35832
2/19/2016 19:00,35848
2/20/2016 19:00,35897
2/21/2016 19:00,35943
2/22/2016 19:00,36058
2/23/2016 19:00,36192
2/24/2016 19:00,36692
2/25/2016 19:00,37007
2/26/2016 19:00,37076
2/27/2016 19:00,37194
2/28/2016 19:00,37300
2/29/2016 19:00,37351
3/1/2016 19:00,37406
3/2/2016 19:00,37470
3/3/2016 19:00,37523
3/4/2016 19:00,37587
3/5/2016 19:00,37639
3/6/2016 19:00,37723
3/7/2016 19:00,37775
3/8/2016 19:00,37822
3/9/2016 19:00,37877
3/10/2016 19:00,37930
3/11/2016 19:00,38017
3/12/2016 19:00,38138
3/13/2016 20:00,38260
3/14/2016 20:00,38431
3/15/2016 20:00,38669
3/16/2016 20:00,38920
3/17/2016 20:00,39005
3/18/2016 20:00,39048
3/19/2016 20:00,39088
3/20/2016 20:00,39280
3/21/2016 20:00,39416
3/22/2016 20:00,39470
3/23/2016 20:00,39528
3/24/2016 20:00,39576
3/25/2016 20:00,39647
3/26/2016 20:00,39692
3/27/2016 20:00,39760
3/28/2016 20:00,39838
3/29/2016 20:00,41523
3/30/2016 20:00,42364
3/31/2016 20:00,42607
4/1/2016 20:00,42808
4/2/2016 20:00,42967
4/3/2016 20:00,43163
4/4/2016 20:00,43292
4/5/2016 20:00,43430
4/6/2016 20:00,43658
4/7/2016 20:00,43901
4/8/2016 20:00,44048
4/9/2016 20:00,44210
4/10/2016 20:00,44336
4/11/2016 20:00,44767
4/12/2016 20:00,44999
4/13/2016 20:00,45199
4/14/2016 20:00,45378
4/15/2016 20:00,45508
4/16/2016 20:00,45639
4/17/2016 20:00,45748
4/18/2016 20:00,45944
4/19/2016 20:00,46174
4/20/2016 20:00,46347
4/21/2016 20:00,46512
4/22/2016 20:00,46650
4/23/2016 20:00,46845
4/24/2016 20:00,46962
4/25/2016 20:00,47320
4/26/2016 20:00,47568
4/27/2016 20:00,47705
4/28/2016 20:00,47872
4/29/2016 20:00,47998
4/30/2016 20:00,48098
5/1/2016 20:00,48196
5/2/2016 20:00,48284
5/3/2016 20:00,48349
5/4/2016 20:00,48370
5/5/2016 20:00,48412
5/6/2016 20:00,48478
5/7/2016 20:00,48529
5/8/2016 20:00,48590
5/9/2016 20:00,48672
5/10/2016 20:00,48765
5/11/2016 20:00,48904
5/12/2016 20:00,48996
5/13/2016 20:00,49045
5/14/2016 20:00,49105
5/15/2016 20:00,49221
5/16/2016 20:00,49354
5/17/2016 20:00,49504
5/18/2016 20:00,49637
5/19/2016 20:00,49790
5/20/2016 20:00,49882
5/21/2016 20:00,49942
5/22/2016 20:00,50089
5/23/2016 20:00,50369
5/24/2016 20:00,50969
5/25/2016 20:00,51172
5/26/2016 20:00,51268
5/27/2016 20:00,51479
5/28/2016 20:00,51592
5/29/2016 20:00,51679
5/30/2016 20:00,51797
5/31/2016 20:00,52050
6/1/2016 20:00,52212
6/2/2016 20:00,52419
6/3/2016 20:00,52494
6/4/2016 20:00,52592
6/5/2016 20:00,52702
6/6/2016 20:00,52832
6/7/2016 20:00,52969
6/8/2016 20:00,53063
6/9/2016 20:00,53170
6/10/2016 20:00,53236
6/11/2016 20:00,53333
6/12/2016 20:00,53447
6/13/2016 20:00,53540
6/14/2016 20:00,53652
6/15/2016 20:00,53782
6/16/2016 20:00,54106
6/17/2016 20:00,54268
6/18/2016 20:00,54415
6/19/2016 20:00,54747
6/20/2016 20:00,54986
6/21/2016 20:00,55182
6/22/2016 20:00,55382
6/23/2016 20:00,55814
6/24/2016 20:00,56060
6/25/2016 20:00,56177
6/26/2016 20:00,56353
6/27/2016 20:00,56576
6/28/2016 20:00,56797
6/29/2016 20:00,56976
6/30/2016 20:00,57155
7/1/2016 20:00,57334
7/2/2016 20:00,57513
7/3/2016 20:00,57692
7/4/2016 20:00,57871
7/5/2016 20:00,58055
7/6/2016 20:00,58109
7/7/2016 20:00,58233
7/8/2016 20:00,58694
7/9/2016 20:00,58849
7/10/2016 20:00,59048
7/11/2016 20:00,59176
7/12/2016 20:00,59376
7/13/2016 20:00,59621
7/14/2016 20:00,59767
7/15/2016 20:00,59903
7/16/2016 20:00,60012
7/17/2016 20:00,60192
7/18/2016 20:00,60362
7/19/2016 20:00,60613
7/20/2016 20:00,60792
7/21/2016 20:00,60882
7/22/2016 20:00,60945
7/23/2016 20:00,61192
7/24/2016 20:00,61502
7/25/2016 20:00,61714
7/26/2016 20:00,61929
7/27/2016 20:00,62051
7/28/2016 20:00,62198
7/29/2016 20:00,62301
7/30/2016 20:00,62426
7/31/2016 20:00,62586
8/1/2016 20:00,62964
8/2/2016 20:00,63135
8/3/2016 20:00,63230
8/4/2016 20:00,63341
8/5/2016 20:00,63398
8/6/2016 20:00,63497
8/7/2016 20:00,63617
8/8/2016 20:00,63821
8/9/2016 20:00,64002
8/10/2016 20:00,64128
8/11/2016 20:00,64239
8/12/2016 20:00,64843
8/13/2016 20:00,64956
8/14/2016 20:00,65066
8/15/2016 20:00,65228
8/16/2016 20:00,65380
8/17/2016 20:00,65543
8/18/2016 20:00,65824
8/19/2016 20:00,65911
8/20/2016 20:00,66100
8/21/2016 20:00,66591
8/22/2016 20:00,67146
8/23/2016 20:00,67408
8/24/2016 20:00,67705
8/25/2016 20:00,67947
8/26/2016 20:00,68067
8/27/2016 20:00,68220
8/28/2016 20:00,68360
8/29/2016 20:00,68575
8/30/2016 20:00,68825
8/31/2016 20:00,68865
9/1/2016 20:00,68932
9/2/2016 20:00,68971
9/3/2016 20:00,69023
9/4/2016 20:00,70965
9/5/2016 20:00,71795
9/6/2016 20:00,71942
9/7/2016 20:00,72106
9/8/2016 20:00,72196
9/9/2016 20:00,72276
9/10/2016 20:00,72385
9/11/2016 20:00,72540
9/12/2016 20:00,72771
9/13/2016 20:00,72913
9/14/2016 20:00,73199
9/15/2016 20:00,73565
9/16/2016 20:00,73746
9/17/2016 20:00,73865
9/18/2016 20:00,74015
9/19/2016 20:00,74384
9/20/2016 20:00,74652
9/21/2016 20:00,74804
9/22/2016 20:00,74945
9/23/2016 20:00,75004
9/24/2016 20:00,75050
9/25/2016 20:00,75112
9/26/2016 20:00,75261
9/27/2016 20:00,75415
9/28/2016 20:00,75573
9/29/2016 20:00,76022
9/30/2016 20:00,76506
10/1/2016 20:00,77164
10/2/2016 20:00,77378
10/3/2016 20:00,77498
10/4/2016 20:00,77614
10/5/2016 20:00,77740
10/6/2016 20:00,77878
10/7/2016 20:00,77970
10/8/2016 20:00,78105
10/9/2016 20:00,78232
10/10/2016 20:00,78345
10/11/2016 20:00,78469
10/12/2016 20:00,78836
10/13/2016 20:00,78958
10/14/2016 20:00,79043
10/15/2016 20:00,79186
10/16/2016 20:00,79315
10/17/2016 20:00,79444
10/18/2016 20:00,79573
10/19/2016 20:00,79702
10/20/2016 20:00,79831
10/21/2016 20:00,79960
10/22/2016 20:00,80089
10/23/2016 20:00,80222
10/24/2016 20:00,80404
10/25/2016 20:00,80586
10/26/2016 20:00,80768
10/27/2016 20:00,80950
10/28/2016 20:00,81132
10/29/2016 20:00,81314
10/30/2016 20:00,81496
10/31/2016 20:00,81678
11/1/2016 20:00,81860
11/2/2016 20:00,82042
11/3/2016 20:00,82224
11/4/2016 20:00,82406
11/5/2016 20:00,82588
11/6/2016 19:00,82773
11/7/2016 19:00,82964
11/8/2016 19:00,83155
11/9/2016 19:00,83346
11/10/2016 19:00,83486
11/11/2016 19:00,83599
11/12/2016 19:00,83705
11/13/2016 19:00,84445
11/14/2016 19:00,85186
11/15/2016 19:00,85444
11/16/2016 19:00,85811
11/17/2016 19:00,86057
11/18/2016 19:00,86764
11/19/2016 19:00,87472
11/20/2016 19:00,87780
11/21/2016 19:00,88089
11/22/2016 19:00,88197
11/23/2016 19:00,88305
11/24/2016 19:00,88390
11/25/2016 19:00,88475
11/26/2016 19:00,88560
11/27/2016 19:00,88713
11/28/2016 19:00,88866
11/29/2016 19:00,89031
11/30/2016 19:00,89156
12/1/2016 19:00,89281
12/2/2016 19:00,89406
12/3/2016 19:00,89531
12/4/2016 19:00,89646
12/5/2016 19:00,89812
12/6/2016 19:00,89978
12/7/2016 19:00,90144
12/8/2016 19:00,90310
12/9/2016 19:00,90476
12/10/2016 19:00,90642
12/11/2016 19:00,90808
12/12/2016 19:00,90974
12/13/2016 19:00,91140
12/14/2016 19:00,91306
12/15/2016 19:00,91472
12/16/2016 19:00,91638
12/17/2016 19:00,91804
12/18/2016 19:00,91970
12/19/2016 19:00,92136
12/20/2016 19:00,92302
12/21/2016 19:00,92468
12/22/2016 19:00,92634
12/23/2016 19:00,92800
12/24/2016 19:00,92966
12/25/2016 19:00,93132
12/26/2016 19:00,93298
12/27/2016 19:00,93464
12/28/2016 19:00,93630
12/29/2016 19:00,93808
12/30/2016 19:00,93857
12/31/2016 19:00,94001
1/1/2017 19:00,94250
1/2/2017 19:00,94916
1/3/2017 19:00,95218
1/4/2017 19:00,95531
1/5/2017 19:00,95761
1/6/2017 19:00,95925
1/7/2017 19:00,96154
1/8/2017 19:00,96310
1/9/2017 19:00,96544
1/10/2017 19:00,96780
1/11/2017 19:00,96977
1/12/2017 19:00,97060
1/13/2017 19:00,97144
1/14/2017 19:00,97262
1/15/2017 19:00,97325
1/16/2017 19:00,97890
1/17/2017 19:00,98172
1/18/2017 19:00,98448
1/19/2017 19:00,98554
1/20/2017 19:00,98650
1/21/2017 19:00,98806
1/22/2017 19:00,99040
1/23/2017 19:00,99173
1/24/2017 19:00,99441
1/25/2017 19:00,100175
1/26/2017 19:00,101236
1/27/2017 19:00,102671
1/28/2017 19:00,103249
1/29/2017 19:00,104173
1/30/2017 19:00,106149
1/31/2017 19:00,106955
2/1/2017 19:00,107438
2/2/2017 19:00,107644
2/3/2017 19:00,107798
2/4/2017 19:00,107964
2/5/2017 19:00,108147
2/6/2017 19:00,108374
2/7/2017 19:00,108612
2/8/2017 19:00,109733
2/9/2017 19:00,109967
2/10/2017 19:00,110092
2/11/2017 19:00,110204
2/12/2017 19:00,110322
2/13/2017 19:00,110481
2/14/2017 19:00,110664
2/15/2017 19:00,110849
2/16/2017 19:00,111001
2/17/2017 19:00,111115
2/18/2017 19:00,111267
2/19/2017 19:00,111410
2/20/2017 19:00,111831
2/21/2017 19:00,112757
2/22/2017 19:00,113163
2/23/2017 19:00,113440
2/24/2017 19:00,113555
2/25/2017 19:00,113689
2/26/2017 19:00,113918
2/27/2017 19:00,114152
2/28/2017 19:00,114395
3/1/2017 19:00,114877
3/2/2017 19:00,115261
3/3/2017 19:00,115392
3/4/2017 19:00,115667
3/5/2017 19:00,115950
3/6/2017 19:00,116307
3/7/2017 19:00,116548
3/8/2017 19:00,116980
3/9/2017 19:00,117263
3/10/2017 19:00,117698
3/11/2017 19:00,117785
3/12/2017 20:00,117872
3/13/2017 20:00,118187
3/14/2017 20:00,118386
3/15/2017 20:00,118559
3/16/2017 20:00,118683
3/17/2017 20:00,118728
3/18/2017 20:00,118813
3/19/2017 20:00,118898
3/20/2017 20:00,119085
3/21/2017 20:00,119237
3/22/2017 20:00,119855
3/23/2017 20:00,120227
3/24/2017 20:00,120363
3/25/2017 20:00,120521
3/26/2017 20:00,120697
3/27/2017 20:00,120811
3/28/2017 20:00,120949
3/29/2017 20:00,121087
3/30/2017 20:00,121214
3/31/2017 20:00,121306
4/1/2017 20:00,121445
4/2/2017 20:00,121695
4/3/2017 20:00,122081
4/4/2017 20:00,122225
4/5/2017 20:00,122763
4/6/2017 20:00,123051
4/7/2017 20:00,123139
4/8/2017 20:00,123280
4/9/2017 20:00,123622
4/10/2017 20:00,123953
4/11/2017 20:00,124138
4/12/2017 20:00,124240
4/13/2017 20:00,124415
4/14/2017 20:00,124541
4/15/2017 20:00,124640
4/16/2017 20:00,124794
4/17/2017 20:00,124920
4/18/2017 20:00,125112
4/19/2017 20:00,125337
4/20/2017 20:00,125684
4/21/2017 20:00,125854
4/22/2017 20:00,126101
4/23/2017 20:00,126504
4/24/2017 20:00,126666
4/25/2017 20:00,126840
4/26/2017 20:00,127010
4/27/2017 20:00,127146
4/28/2017 20:00,127474
4/29/2017 20:00,127601
4/30/2017 20:00,127832
5/1/2017 20:00,128174
5/2/2017 20:00,128479
5/3/2017 20:00,128625
5/4/2017 20:00,128736
5/5/2017 20:00,128813
5/6/2017 20:00,128950
5/7/2017 20:00,129072
5/8/2017 20:00,129286
5/9/2017 20:00,129834
5/10/2017 20:00,130192
5/11/2017 20:00,130363
5/12/2017 20:00,130507
5/13/2017 20:00,130622
5/14/2017 20:00,130807
5/15/2017 20:00,130990
5/16/2017 20:00,131172
5/17/2017 20:00,131332
5/18/2017 20:00,131443
5/19/2017 20:00,131691
5/20/2017 20:00,132044
5/21/2017 20:00,132215
5/22/2017 20:00,132395
5/23/2017 20:00,132621
5/24/2017 20:00,132830
5/25/2017 20:00,133012
5/26/2017 20:00,133085
5/27/2017 20:00,133165
5/28/2017 20:00,133452
5/29/2017 20:00,133640
5/30/2017 20:00,133816
5/31/2017 20:00,133958
6/1/2017 20:00,134067
6/2/2017 20:00,134171
6/3/2017 20:00,134426
6/4/2017 20:00,134773
6/5/2017 20:00,134943
6/6/2017 20:00,135353
6/7/2017 20:00,135534
6/8/2017 20:00,136268
6/9/2017 20:00,136799
6/10/2017 20:00,136999
6/11/2017 20:00,137255
6/12/2017 20:00,137453
6/13/2017 20:00,137591
6/14/2017 20:00,137760
6/15/2017 20:00,138338
6/16/2017 20:00,138533
6/17/2017 20:00,138739
6/18/2017 20:00,138917
6/19/2017 20:00,139134
6/20/2017 20:00,139421
6/21/2017 20:00,139700
6/22/2017 20:00,140031
6/23/2017 20:00,140228
6/24/2017 20:00,140490
6/25/2017 20:00,140834
6/26/2017 20:00,141082
6/27/2017 20:00,141562
6/28/2017 20:00,144239
6/29/2017 20:00,144816
6/30/2017 20:00,145090
7/1/2017 20:00,145272
7/2/2017 20:00,145480
7/3/2017 20:00,145693
7/4/2017 20:00,146001
7/5/2017 20:00,146235
7/6/2017 20:00,146423
7/7/2017 20:00,147204
7/8/2017 20:00,147707
7/9/2017 20:00,148327
7/10/2017 20:00,148745
7/11/2017 20:00,148996
7/12/2017 20:00,149699
7/13/2017 20:00,150402
7/14/2017 20:00,151105
7/15/2017 20:00,151808
7/16/2017 20:00,152511
7/17/2017 20:00,153214
7/18/2017 20:00,153897
7/19/2017 20:00,154469
7/20/2017 20:00,154696
7/21/2017 20:00,154887
7/22/2017 20:00,155084
7/23/2017 20:00,155499
7/24/2017 20:00,156326
7/25/2017 20:00,156729
7/26/2017 20:00,157597
7/27/2017 20:00,157852
7/28/2017 20:00,158147
7/29/2017 20:00,158465
7/30/2017 20:00,158671
7/31/2017 20:00,158987
8/1/2017 20:00,159330
8/2/2017 20:00,159971
8/3/2017 20:00,161218
8/4/2017 20:00,161761
8/5/2017 20:00,162078
8/6/2017 20:00,162498
8/7/2017 20:00,162848
8/8/2017 20:00,163118
8/9/2017 20:00,163449
8/10/2017 20:00,163816
8/11/2017 20:00,164070
8/12/2017 20:00,164288
8/13/2017 20:00,164527
8/14/2017 20:00,164753
8/15/2017 20:00,165183
8/16/2017 20:00,165557
8/17/2017 20:00,165783
8/18/2017 20:00,165944
8/19/2017 20:00,166160
8/20/2017 20:00,166372
8/21/2017 20:00,166594
8/22/2017 20:00,166836
8/23/2017 20:00,167202
8/24/2017 20:00,167408
8/25/2017 20:00,167564
8/26/2017 20:00,167792
8/27/2017 20:00,167989
8/28/2017 20:00,168234
8/29/2017 20:00,168578
8/30/2017 20:00,168890
8/31/2017 20:00,169160
9/1/2017 20:00,169366
9/2/2017 20:00,169686
9/3/2017 20:00,169937
9/4/2017 20:00,170233
9/5/2017 20:00,170440
9/6/2017 20:00,170620
9/7/2017 20:00,170742
9/8/2017 20:00,170852
9/9/2017 20:00,171102
9/10/2017 20:00,171250
9/11/2017 20:00,171414
9/12/2017 20:00,171649
9/13/2017 20:00,172692
9/14/2017 20:00,173056
9/15/2017 20:00,173181
9/16/2017 20:00,173296
9/17/2017 20:00,173960
9/18/2017 20:00,174304
9/19/2017 20:00,174514
9/20/2017 20:00,174746
9/21/2017 20:00,174901
9/22/2017 20:00,174982
9/23/2017 20:00,175186
9/24/2017 20:00,175481
9/25/2017 20:00,175921
9/26/2017 20:00,176243
9/27/2017 20:00,176498
9/28/2017 20:00,176576
9/29/2017 20:00,176776
9/30/2017 20:00,177039
10/1/2017 20:00,177224
10/2/2017 20:00,177447
10/3/2017 20:00,177720
10/4/2017 20:00,177958
10/5/2017 20:00,178164
10/6/2017 20:00,178371
10/7/2017 20:00,178551
10/8/2017 20:00,178732
10/9/2017 20:00,178958
10/10/2017 20:00,179184
10/11/2017 20:00,180447
10/12/2017 20:00,181711
10/13/2017 20:00,181906
10/14/2017 20:00,182417
10/15/2017 20:00,182745
10/16/2017 20:00,183111
10/17/2017 20:00,183396
10/18/2017 20:00,183602
10/19/2017 20:00,183780
10/20/2017 20:00,183958
10/21/2017 20:00,184136
10/22/2017 20:00,184372
10/23/2017 20:00,184599
10/24/2017 20:00,184957
10/25/2017 20:00,185457
10/26/2017 20:00,185727
10/27/2017 20:00,185828
10/28/2017 20:00,186302
10/29/2017 20:00,186644
10/30/2017 20:00,187337
10/31/2017 20:00,187870
11/1/2017 20:00,188140
11/2/2017 20:00,188371
11/3/2017 20:00,188622
11/4/2017 20:00,188873
11/5/2017 19:00,189125
11/6/2017 19:00,189486
11/7/2017 19:00,189847
11/8/2017 19:00,190208
11/9/2017 19:00,190569
11/10/2017 19:00,190930
11/11/2017 19:00,191292
11/12/2017 19:00,191701
11/13/2017 19:00,191974
11/14/2017 19:00,192148
11/15/2017 19:00,192465
11/16/2017 19:00,192779
11/17/2017 19:00,192923
11/18/2017 19:00,193056
11/19/2017 19:00,193556
11/20/2017 19:00,193986
11/21/2017 19:00,194185
11/22/2017 19:00,194398
11/23/2017 19:00,194702
11/24/2017 19:00,194965
11/25/2017 19:00,195239
11/26/2017 19:00,195640
11/27/2017 19:00,196018
11/28/2017 19:00,196533
11/29/2017 19:00,196980
11/30/2017 19:00,197464
12/1/2017 19:00,197599
12/2/2017 19:00,197766
12/3/2017 19:00,198246
12/4/2017 19:00,198485
12/5/2017 19:00,198737
12/6/2017 19:00,199427
12/7/2017 19:00,199857
12/8/2017 19:00,200001
12/9/2017 19:00,200262
12/10/2017 19:00,200523
12/11/2017 19:00,200758
12/12/2017 19:00,200994
12/13/2017 19:00,201119
12/14/2017 19:00,201201
12/15/2017 19:00,201283
12/16/2017 19:00,201500
12/17/2017 19:00,202151
12/18/2017 19:00,203404
12/19/2017 19:00,203593
12/20/2017 19:00,204114
12/21/2017 19:00,204773
12/22/2017 19:00,204917
12/23/2017 19:00,205070
12/24/2017 19:00,205241
12/25/2017 19:00,205421
12/26/2017 19:00,205645
12/27/2017 19:00,206144
12/28/2017 19:00,206540
12/29/2017 19:00,206811
12/30/2017 19:00,206925
12/31/2017 19:00,207204
1/1/2018 19:00,207482
1/2/2018 19:00,207942
1/3/2018 19:00,208881
1/4/2018 19:00,209643
1/5/2018 19:00,209858
1/6/2018 19:00,210147
1/7/2018 19:00,210407
1/8/2018 19:00,210681
1/9/2018 19:00,211158
1/10/2018 19:00,211461
1/11/2018 19:00,211698
1/12/2018 19:00,211940
1/13/2018 19:00,212084
1/14/2018 19:00,212244
1/15/2018 19:00,212988
1/16/2018 19:00,213671
1/17/2018 19:00,213937
1/18/2018 19:00,214104
1/19/2018 19:00,214280
1/20/2018 19:00,214481
1/21/2018 19:00,214686
1/22/2018 19:00,214998
1/23/2018 19:00,215310
1/24/2018 19:00,216077
1/25/2018 19:00,216503
1/26/2018 19:00,216836
1/27/2018 19:00,217095
1/28/2018 19:00,217344
1/29/2018 19:00,217602
1/30/2018 19:00,218072
1/31/2018 19:00,218310
2/1/2018 19:00,219359
2/2/2018 19:00,220216
2/3/2018 19:00,220397
2/4/2018 19:00,221137
2/5/2018 19:00,223278
2/6/2018 19:00,224467
2/7/2018 19:00,225774
2/8/2018 19:00,226325
2/9/2018 19:00,227361
2/10/2018 19:00,227785
2/11/2018 19:00,228148
2/12/2018 19:00,228462
2/13/2018 19:00,228681
2/14/2018 19:00,228922
2/15/2018 19:00,229024
2/16/2018 19:00,229215
2/17/2018 19:00,229404
2/18/2018 19:00,229591
2/19/2018 19:00,229907
2/20/2018 19:00,230153
2/21/2018 19:00,230397
2/22/2018 19:00,230802
2/23/2018 19:00,231207
2/24/2018 19:00,231612
2/25/2018 19:00,232017
2/26/2018 19:00,232422
3/13/2018 20:00,237464
3/14/2018 20:00,237646
3/15/2018 20:00,238049
3/16/2018 20:00,238396
3/17/2018 20:00,238654
3/18/2018 20:00,239476
3/19/2018 20:00,239839
3/20/2018 20:00,240220
3/21/2018 20:00,240583
3/22/2018 20:00,240860
3/23/2018 20:00,241022
3/24/2018 20:00,241026
3/25/2018 20:00,241425
3/26/2018 20:00,241789
3/27/2018 20:00,242288
3/28/2018 20:00,242543
3/29/2018 20:00,242771
3/30/2018 20:00,242930
3/31/2018 20:00,243401
4/1/2018 20:00,243669
4/2/2018 20:00,243845
4/3/2018 20:00,244534
4/4/2018 20:00,244798
4/5/2018 20:00,245247
4/6/2018 20:00,245469
4/7/2018 20:00,245473
4/8/2018 20:00,245723
4/9/2018 20:00,245999
4/10/2018 20:00,246222
4/11/2018 20:00,246470
4/12/2018 20:00,246668
4/13/2018 20:00,246832
4/14/2018 20:00,246970
4/15/2018 20:00,247174
4/16/2018 20:00,247973
4/17/2018 20:00,248150
4/18/2018 20:00,248495
4/19/2018 20:00,248747
4/20/2018 20:00,248938
4/21/2018 20:00,249101
4/22/2018 20:00,249258
4/23/2018 20:00,249447
4/24/2018 20:00,249612
4/25/2018 20:00,249853
4/26/2018 20:00,249984
4/27/2018 20:00,250146
4/28/2018 20:00,250771
4/29/2018 20:00,250909
4/30/2018 20:00,251741
5/1/2018 20:00,252863
5/2/2018 20:00,253358
5/3/2018 20:00,253624
5/4/2018 20:00,253717
5/5/2018 20:00,253834
5/6/2018 20:00,254081
5/7/2018 20:00,254254
5/8/2018 20:00,254599
5/9/2018 20:00,254774
5/10/2018 20:00,254984
5/11/2018 20:00,255188
5/12/2018 20:00,255392
5/13/2018 20:00,255600
5/14/2018 20:00,255758
5/15/2018 20:00,255963
5/16/2018 20:00,256186
5/17/2018 20:00,256544
5/18/2018 20:00,256754
5/19/2018 20:00,257225
5/20/2018 20:00,257601
5/21/2018 20:00,257804
5/22/2018 20:00,258087
5/23/2018 20:00,258359
5/24/2018 20:00,258841
5/25/2018 20:00,259116
5/26/2018 20:00,259371
5/27/2018 20:00,259603
5/28/2018 20:00,259706
5/29/2018 20:00,260076
5/30/2018 20:00,260326
5/31/2018 20:00,260753
6/1/2018 20:00,261006
6/2/2018 20:00,261894
6/3/2018 20:00,262010
6/4/2018 20:00,262527
6/5/2018 20:00,263081
6/6/2018 20:00,263331
6/7/2018 20:00,264092
6/8/2018 20:00,264745
6/9/2018 20:00,264974
6/10/2018 20:00,265244
6/11/2018 20:00,265466
6/12/2018 20:00,265823
6/13/2018 20:00,267088
6/14/2018 20:00,268012
6/15/2018 20:00,269112
6/16/2018 20:00,269318
6/17/2018 20:00,269850
6/18/2018 20:00,270556
6/19/2018 20:00,271081
6/20/2018 20:00,271444
6/21/2018 20:00,271972
6/22/2018 20:00,272349
6/23/2018 20:00,272759
6/24/2018 20:00,273331
6/25/2018 20:00,273751
6/26/2018 20:00,273880
6/27/2018 20:00,274511
6/28/2018 20:00,274766
6/29/2018 20:00,274934
6/30/2018 20:00,275102
7/1/2018 20:00,275539
7/2/2018 20:00,275918
7/3/2018 20:00,276115
7/4/2018 20:00,277017
7/5/2018 20:00,277436
7/6/2018 20:00,277659
7/7/2018 20:00,278070
7/8/2018 20:00,279393
7/9/2018 20:00,279645
7/10/2018 20:00,280105
7/11/2018 20:00,280892
7/12/2018 20:00,281162
7/13/2018 20:00,281535
7/14/2018 20:00,281814
7/15/2018 20:00,282443
7/16/2018 20:00,282779
7/17/2018 20:00,283166
7/18/2018 20:00,284001
7/19/2018 20:00,284859
7/20/2018 20:00,285270
7/21/2018 20:00,285410
7/22/2018 20:00,285798
7/23/2018 20:00,286198
7/24/2018 20:00,286561
7/25/2018 20:00,289995
7/26/2018 20:00,291988
7/27/2018 20:00,292849
7/28/2018 20:00,295716
7/29/2018 20:00,296713
7/30/2018 20:00,297416
7/31/2018 20:00,298078
8/1/2018 20:00,298734
8/2/2018 20:00,299204
8/3/2018 20:00,299610
8/4/2018 20:00,299911
8/5/2018 20:00,300265
8/6/2018 20:00,301008
8/7/2018 20:00,301906
8/8/2018 20:00,302432
8/9/2018 20:00,303014
8/10/2018 20:00,303163
8/11/2018 20:00,303492
8/12/2018 20:00,303899
8/13/2018 20:00,304935
8/14/2018 20:00,305577
8/15/2018 20:00,306187
8/16/2018 20:00,306649
8/17/2018 20:00,306998
8/18/2018 20:00,307235
8/19/2018 20:00,308125
8/20/2018 20:00,308749
8/21/2018 20:00,309174
8/22/2018 20:00,309781
8/23/2018 20:00,310295
8/24/2018 20:00,310907
8/25/2018 20:00,311240
8/26/2018 20:00,311761
8/27/2018 20:00,312211
8/28/2018 20:00,312745
8/29/2018 20:00,314168
8/30/2018 20:00,316019
8/31/2018 20:00,316530
9/1/2018 20:00,317014
9/2/2018 20:00,317419
9/3/2018 20:00,317811
9/5/2018 20:00,320267
9/6/2018 20:00,321000
9/7/2018 20:00,321496
9/8/2018 20:00,322076
9/23/2018 20:00,333235
9/24/2018 20:00,333788
9/25/2018 20:00,334317
9/26/2018 20:00,334877
9/27/2018 20:00,336042
9/28/2018 20:00,336581
9/29/2018 20:00,337266
9/30/2018 20:00,339711
10/1/2018 20:00,340862
10/2/2018 20:00,341658
10/3/2018 20:00,342402
10/4/2018 20:00,343027
10/5/2018 20:00,343867
10/6/2018 20:00,344227
10/7/2018 20:00,344781
10/8/2018 20:00,345326
10/9/2018 20:00,346092
10/10/2018 20:00,346997
10/11/2018 20:00,347883
10/12/2018 20:00,348162
10/13/2018 20:00,348561
10/14/2018 20:00,349033
10/15/2018 20:00,349438
10/16/2018 20:00,350079
10/17/2018 20:00,350552
10/18/2018 20:00,350921
10/19/2018 20:00,351294
10/20/2018 20:00,352725
10/21/2018 20:00,353614
10/22/2018 20:00,354365
10/23/2018 20:00,356133
10/24/2018 20:00,357558
10/25/2018 20:00,358263
10/26/2018 20:00,359203
10/27/2018 20:00,359888
10/28/2018 20:00,360855
10/29/2018 20:00,361522
10/30/2018 20:00,362068
10/31/2018 20:00,362651
11/1/2018 20:00,363039
11/2/2018 20:00,363446
11/3/2018 20:00,363694
11/4/2018 19:00,364060
11/5/2018 19:00,364497
11/6/2018 19:00,365030
11/7/2018 19:00,365652
11/8/2018 19:00,366205
11/9/2018 19:00,366575
11/10/2018 19:00,367024
11/11/2018 19:00,367748
11/12/2018 19:00,368296
11/13/2018 19:00,369314
11/14/2018 19:00,373998
11/15/2018 19:00,378595
11/16/2018 19:00,383212
11/17/2018 19:00,388201
11/18/2018 19:00,393446
11/19/2018 19:00,399645
11/20/2018 19:00,405466
11/21/2018 19:00,410374
11/22/2018 19:00,414938
11/23/2018 19:00,419874
11/24/2018 19:00,425819
11/25/2018 19:00,431074
11/26/2018 19:00,431422
11/27/2018 19:00,431678
11/28/2018 19:00,431980
11/29/2018 19:00,432269
11/30/2018 19:00,433035
12/1/2018 19:00,433638
12/2/2018 19:00,433886
12/3/2018 19:00,434178
12/4/2018 19:00,434694
12/5/2018 19:00,435702
12/6/2018 19:00,436363
12/7/2018 19:00,437299
12/8/2018 19:00,437596
12/9/2018 19:00,438244
12/10/2018 19:00,439530
12/11/2018 19:00,443360
12/12/2018 19:00,444187
12/13/2018 19:00,445149
12/14/2018 19:00,445504
12/15/2018 19:00,445779
12/16/2018 19:00,446410
12/17/2018 19:00,446979
12/18/2018 19:00,447352
12/19/2018 19:00,447914
12/20/2018 19:00,448774
12/21/2018 19:00,449249
12/22/2018 19:00,449520
12/23/2018 19:00,449938
12/24/2018 19:00,450828
12/25/2018 19:00,451586
12/26/2018 19:00,452702
12/27/2018 19:00,453348
12/28/2018 19:00,453799
12/29/2018 19:00,454340
12/30/2018 19:00,454898
12/31/2018 19:00,455376
1/1/2019 19:00,456795
1/2/2019 19:00,458375
1/3/2019 19:00,459168
1/4/2019 19:00,459665
1/5/2019 19:00,460140
1/6/2019 19:00,460818
1/7/2019 19:00,461280
1/8/2019 19:00,461993
1/9/2019 19:00,462590
1/10/2019 19:00,463602
1/11/2019 19:00,464753
1/12/2019 19:00,465531
1/13/2019 19:00,466190
1/14/2019 19:00,468462
1/15/2019 19:00,469598
1/16/2019 19:00,471296
1/17/2019 19:00,472581
1/18/2019 19:00,473612
1/19/2019 19:00,474909
1/20/2019 19:00,476100
1/21/2019 19:00,476999
1/22/2019 19:00,477833
1/23/2019 19:00,481727
1/24/2019 19:00,482990
1/25/2019 19:00,483835
1/26/2019 19:00,484701
1/27/2019 19:00,485250
1/28/2019 19:00,486137
1/29/2019 19:00,486922
1/30/2019 19:00,489886
1/31/2019 19:00,490657
2/1/2019 19:00,491215
2/2/2019 19:00,491645
2/3/2019 19:00,492261
2/4/2019 19:00,493029
2/5/2019 19:00,493826
2/6/2019 19:00,494437
2/7/2019 19:00,495569
2/8/2019 19:00,496981
2/9/2019 19:00,497530
2/10/2019 19:00,498152
2/11/2019 19:00,499038
2/12/2019 19:00,500384
2/13/2019 19:00,500848
2/14/2019 19:00,501221
2/15/2019 19:00,501588
2/16/2019 19:00,502559
2/17/2019 19:00,502866
2/18/2019 19:00,503417
2/19/2019 19:00,503939
2/20/2019 19:00,504756
2/21/2019 19:00,505581
2/22/2019 19:00,506062
2/23/2019 19:00,506570
2/24/2019 19:00,507365
2/25/2019 19:00,508399
2/26/2019 19:00,509046
2/27/2019 19:00,509371
2/28/2019 19:00,509987
3/1/2019 19:00,510908
3/2/2019 19:00,511222
3/3/2019 19:00,511630
3/4/2019 19:00,512433
3/5/2019 19:00,513049
3/6/2019 19:00,513420
3/7/2019 19:00,513825
3/8/2019 19:00,514295
3/9/2019 19:00,514901
3/10/2019 20:00,515201
3/11/2019 20:00,515710
3/12/2019 20:00,516350
3/13/2019 20:00,516858
3/14/2019 20:00,517309
3/15/2019 20:00,517792
3/16/2019 20:00,519034
3/17/2019 20:00,519934
3/18/2019 20:00,520591
3/19/2019 20:00,521154
3/20/2019 20:00,521899
3/21/2019 20:00,522364
3/22/2019 20:00,522646
3/23/2019 20:00,522937
3/24/2019 20:00,523639
3/25/2019 20:00,524026
3/26/2019 20:00,524390
3/27/2019 20:00,524953
3/28/2019 20:00,525332
3/29/2019 20:00,525715
3/30/2019 20:00,525992
3/31/2019 20:00,527530
4/1/2019 20:00,532199
4/2/2019 20:00,532543
4/3/2019 20:00,533237
4/4/2019 20:00,533782
4/5/2019 20:00,534193
4/6/2019 20:00,534548
4/7/2019 20:00,535031
4/8/2019 20:00,535559
4/9/2019 20:00,535871
4/10/2019 20:00,536285
4/11/2019 20:00,536918
4/12/2019 20:00,537723
4/13/2019 20:00,538267
4/14/2019 20:00,538858
4/15/2019 20:00,539574
4/16/2019 20:00,540108
4/17/2019 20:00,540617
4/18/2019 20:00,541047
4/19/2019 20:00,541446
4/20/2019 20:00,541819
4/21/2019 20:00,542795
4/22/2019 20:00,543460
4/23/2019 20:00,544003
4/24/2019 20:00,544497
4/25/2019 20:00,544916
4/26/2019 20:00,545748
4/27/2019 20:00,546269
4/28/2019 20:00,547540
4/29/2019 20:00,548199
4/30/2019 20:00,549027
5/1/2019 20:00,549808
5/2/2019 20:00,550176
5/3/2019 20:00,550412
5/4/2019 20:00,550778
5/5/2019 20:00,551324
5/6/2019 20:00,551874
5/7/2019 20:00,552315
5/8/2019 20:00,552738
5/9/2019 20:00,553409
5/10/2019 20:00,554193
5/11/2019 20:00,554920
5/12/2019 20:00,555651
5/13/2019 20:00,556464
5/14/2019 20:00,556673
5/15/2019 20:00,556990
5/16/2019 20:00,557346
5/17/2019 20:00,557616
5/18/2019 20:00,557846
5/19/2019 20:00,558424
5/20/2019 20:00,558748
5/21/2019 20:00,559068
5/22/2019 20:00,559340
5/23/2019 20:00,559618
5/24/2019 20:00,559869
5/25/2019 20:00,560104
5/26/2019 20:00,560416
5/27/2019 20:00,561134
5/28/2019 20:00,561869
5/29/2019 20:00,562498
5/30/2019 20:00,563307
5/31/2019 20:00,564776
6/1/2019 20:00,565101
6/2/2019 20:00,565610
6/3/2019 20:00,566243
6/4/2019 20:00,566603
6/5/2019 20:00,566950
6/6/2019 20:00,567356
6/7/2019 20:00,567696
6/8/2019 20:00,568164
6/9/2019 20:00,568684
6/10/2019 20:00,569495
6/11/2019 20:00,569935
6/12/2019 20:00,570351
6/13/2019 20:00,570791
6/14/2019 20:00,571230
6/15/2019 20:00,571686
6/16/2019 20:00,571908
6/17/2019 20:00,572277
6/18/2019 20:00,572755
6/19/2019 20:00,573182
6/20/2019 20:00,573682
6/21/2019 20:00,574328
6/22/2019 20:00,574743
6/23/2019 20:00,575960
6/24/2019 20:00,576468
6/25/2019 20:00,576987
6/26/2019 20:00,577551
6/27/2019 20:00,577962
6/28/2019 20:00,578292
6/29/2019 20:00,580807
6/30/2019 20:00,582162
7/1/2019 20:00,582832
7/2/2019 20:00,584059
7/3/2019 20:00,585577
7/4/2019 20:00,586231
7/5/2019 20:00,586638
7/6/2019 20:00,587089
7/7/2019 20:00,587509
7/8/2019 20:00,588150
7/9/2019 20:00,588981
7/10/2019 20:00,589335
7/11/2019 20:00,591284
7/12/2019 20:00,591962
7/13/2019 20:00,592245
7/14/2019 20:00,592746
7/15/2019 20:00,593149
7/16/2019 20:00,594094
7/17/2019 20:00,594455
7/18/2019 20:00,595261
7/19/2019 20:00,595545
7/20/2019 20:00,595737
7/21/2019 20:00,596233
7/22/2019 20:00,596997
7/23/2019 20:00,597561
7/24/2019 20:00,601021
7/25/2019 20:00,602382
7/26/2019 20:00,603526
7/27/2019 20:00,603989
7/28/2019 20:00,604697
7/29/2019 20:00,605188
7/30/2019 20:00,605965
7/31/2019 20:00,607006
8/1/2019 20:00,610525
8/2/2019 20:00,612002
8/3/2019 20:00,612712
8/4/2019 20:00,614065
8/5/2019 20:00,615241
8/6/2019 20:00,615976
8/7/2019 20:00,616870
8/8/2019 20:00,617642
8/9/2019 20:00,618233
8/10/2019 20:00,618729
8/11/2019 20:00,619578
8/12/2019 20:00,621661
8/13/2019 20:00,623313
8/14/2019 20:00,624958
8/15/2019 20:00,626035
8/16/2019 20:00,628182
8/17/2019 20:00,630438
8/18/2019 20:00,631631
8/19/2019 20:00,632616
8/20/2019 20:00,633675
8/21/2019 20:00,635618
8/22/2019 20:00,636496
8/23/2019 20:00,637671
8/24/2019 20:00,638413
8/25/2019 20:00,639142
8/26/2019 20:00,639701
8/27/2019 20:00,640585
8/28/2019 20:00,641190
8/29/2019 20:00,641775
8/30/2019 20:00,642168
8/31/2019 20:00,642735
9/1/2019 20:00,643264
9/2/2019 20:00,643741
9/3/2019 20:00,644210
9/4/2019 20:00,644812
9/5/2019 20:00,645449
9/6/2019 20:00,645781
9/7/2019 20:00,646247
9/8/2019 20:00,646841
9/9/2019 20:00,647992
9/10/2019 20:00,649768
9/11/2019 20:00,650390
9/12/2019 20:00,651206
9/13/2019 20:00,651747
9/14/2019 20:00,652458
9/15/2019 20:00,653651
9/16/2019 20:00,654758
9/17/2019 20:00,655546
9/18/2019 20:00,656065
9/19/2019 20:00,656580
9/20/2019 20:00,658182
9/21/2019 20:00,658606
9/22/2019 20:00,659290
9/23/2019 20:00,659796
9/24/2019 20:00,660475
9/25/2019 20:00,661190
9/26/2019 20:00,661955
9/27/2019 20:00,662267
9/28/2019 20:00,662649
9/29/2019 20:00,663083
9/30/2019 20:00,663436
10/1/2019 20:00,663954
10/2/2019 20:00,664434
10/3/2019 20:00,664901
10/4/2019 20:00,665130
10/5/2019 20:00,665530
10/6/2019 20:00,665964
10/7/2019 20:00,666462
10/8/2019 20:00,667072
10/9/2019 20:00,667636
10/10/2019 20:00,668139
10/11/2019 20:00,668552
10/12/2019 20:00,668987
10/13/2019 20:00,669567
10/14/2019 20:00,670064
10/15/2019 20:00,670399
10/16/2019 20:00,675261
10/17/2019 20:00,681207
10/18/2019 20:00,683455
10/19/2019 20:00,685227
10/20/2019 20:00,686651
10/21/2019 20:00,687752
10/22/2019 20:00,689107
10/23/2019 20:00,689964
10/24/2019 20:00,692191
10/25/2019 20:00,692722
10/26/2019 20:00,693473
10/27/2019 20:00,694254
10/28/2019 20:00,695319
10/29/2019 20:00,696067
10/30/2019 20:00,696635
10/31/2019 20:00,697365
11/1/2019 20:00,698113
11/2/2019 20:00,702423
11/3/2019 19:00,703764
11/4/2019 19:00,707912
11/5/2019 19:00,713454
11/6/2019 19:00,717715
11/7/2019 19:00,720445
11/8/2019 19:00,722094
11/9/2019 19:00,723551
11/10/2019 19:00,725480
11/11/2019 19:00,727951
11/12/2019 19:00,729361
11/13/2019 19:00,730350
11/14/2019 19:00,732363
11/15/2019 19:00,732862
11/16/2019 19:00,733840
11/17/2019 19:00,734897
11/18/2019 19:00,735793
11/19/2019 19:00,736691
11/20/2019 19:00,737736
11/21/2019 19:00,738916
11/22/2019 19:00,740027
11/23/2019 19:00,741104
11/24/2019 19:00,741955
11/25/2019 19:00,742730
11/26/2019 19:00,743618
11/27/2019 19:00,744335
11/28/2019 19:00,745012
11/29/2019 19:00,745808
11/30/2019 19:00,747295
12/1/2019 19:00,749211
12/2/2019 19:00,750403
12/3/2019 19:00,751093
12/4/2019 19:00,751947
12/5/2019 19:00,752823
12/6/2019 19:00,753348
12/7/2019 19:00,753743
12/8/2019 19:00,754645
12/9/2019 19:00,755200
12/10/2019 19:00,755779
12/11/2019 19:00,757323
12/12/2019 19:00,757961
12/13/2019 19:00,758449
12/14/2019 19:00,758993
12/15/2019 19:00,759710
12/16/2019 19:00,760340
12/17/2019 19:00,761123
12/18/2019 19:00,761894
12/19/2019 19:00,762514
12/20/2019 19:00,763256
12/21/2019 19:00,763866
12/22/2019 19:00,764898
12/23/2019 19:00,765682
12/24/2019 19:00,766463
12/25/2019 19:00,767782
12/26/2019 19:00,768667
12/27/2019 19:00,769508
12/28/2019 19:00,770333
12/29/2019 19:00,771228
12/30/2019 19:00,772358
12/31/2019 19:00,773354
1/1/2020 19:00,774165
1/2/2020 19:00,775313
1/3/2020 19:00,776395
1/4/2020 19:00,777159
1/5/2020 19:00,778270
1/6/2020 19:00,779410
1/7/2020 19:00,781375
1/8/2020 19:00,782600
1/9/2020 19:00,783528
1/10/2020 19:00,784433
1/11/2020 19:00,785708
1/12/2020 19:00,786685
1/13/2020 19:00,787722
1/14/2020 19:00,789273
1/15/2020 19:00,790372
1/16/2020 19:00,791104
1/17/2020 19:00,791793
1/18/2020 19:00,793468
1/19/2020 19:00,794324
1/20/2020 19:00,795362
1/21/2020 19:00,796492
1/22/2020 19:00,798281
1/23/2020 19:00,799809
1/24/2020 19:00,801092
1/25/2020 19:00,801849
1/26/2020 19:00,802718
1/27/2020 19:00,803962
1/28/2020 19:00,804895
1/29/2020 19:00,806409
1/30/2020 19:00,809079
1/31/2020 19:00,811383
2/1/2020 19:00,811628
2/2/2020 19:00,814737
2/3/2020 19:00,820119
2/4/2020 19:00,829354
2/5/2020 19:00,836721
2/6/2020 19:00,844792
2/7/2020 19:00,847535
2/8/2020 19:00,850999
2/9/2020 19:00,855364
2/10/2020 19:00,861033
2/11/2020 19:00,864399
2/12/2020 19:00,868416
2/13/2020 19:00,870523
2/14/2020 19:00,872205
2/15/2020 19:00,873935
2/16/2020 19:00,875501
2/17/2020 19:00,877982
2/18/2020 19:00,882644
2/19/2020 19:00,888058
2/28/2020 19:00,936020
3/7/2020 19:00,962812
3/16/2020 20:00,1018911
3/24/2020 20:00,1048628
3/25/2020 20:00,1053063
3/26/2020 20:00,1055935
4/4/2020 20:00,1073166
4/7/2020 20:00,1081237
4/8/2020 20:00,1084265
4/9/2020 20:00,1087805
4/10/2020 20:00,1091092
4/11/2020 20:00,1094075
4/12/2020 20:00,1097611
4/13/2020 20:00,1101340
4/14/2020 20:00,1105680
4/15/2020 20:00,1108936
4/16/2020 20:00,1113516
4/17/2020 20:00,1117201
4/18/2020 20:00,1119550
4/19/2020 20:00,1122622
4/20/2020 20:00,1129075
4/21/2020 20:00,1132399
4/22/2020 20:00,1136315
4/23/2020 20:00,1140316
4/24/2020 20:00,1142964
4/25/2020 20:00,1145002
4/26/2020 20:00,1148082
4/27/2020 20:00,1150984
4/28/2020 20:00,1153927
4/29/2020 20:00,1159037
4/30/2020 20:00,1162000
5/1/2020 20:00,1165456
5/2/2020 20:00,1167859
5/3/2020 20:00,1170143
5/4/2020 20:00,1172683
5/5/2020 20:00,1175162
5/6/2020 20:00,1179293
5/7/2020 20:00,1182248
5/8/2020 20:00,1184337
5/9/2020 20:00,1186038
5/10/2020 20:00,1188208
5/11/2020 20:00,1191372
5/12/2020 20:00,1193708
5/13/2020 20:00,1195506
5/14/2020 20:00,1197194
5/15/2020 20:00,1199416
5/16/2020 20:00,1201166
5/17/2020 20:00,1203508
5/18/2020 20:00,1205988
5/19/2020 20:00,1208796
5/20/2020 20:00,1210696
5/21/2020 20:00,1212047
5/22/2020 20:00,1213591
5/23/2020 20:00,1214945
5/24/2020 20:00,1216414
5/25/2020 20:00,1218102
5/26/2020 20:00,1220917
5/27/2020 20:00,1223641
5/28/2020 20:00,1225543
5/29/2020 20:00,1227562
5/30/2020 20:00,1229083
5/31/2020 20:00,1231183
6/1/2020 20:00,1232960
6/2/2020 20:00,1235629
6/3/2020 20:00,1238871
6/4/2020 20:00,1241890
6/5/2020 20:00,1245114
6/6/2020 20:00,1247775
6/7/2020 20:00,1251535
6/8/2020 20:00,1256744
6/9/2020 20:00,1261305
6/10/2020 20:00,1265683
6/11/2020 20:00,1269120
6/12/2020 20:00,1272548
6/13/2020 20:00,1275215
6/14/2020 20:00,1277773
6/15/2020 20:00,1281070
6/16/2020 20:00,1283480
6/17/2020 20:00,1286274
6/18/2020 20:00,1288900
6/19/2020 20:00,1290756
6/20/2020 20:00,1292498
6/21/2020 20:00,1294605
6/22/2020 20:00,1297405
6/23/2020 20:00,1299605
6/24/2020 20:00,1301390
6/25/2020 20:00,1303382
6/26/2020 20:00,1304887
6/27/2020 20:00,1306514
6/28/2020 20:00,1308113
6/29/2020 20:00,1310070
6/30/2020 20:00,1312005
7/1/2020 20:00,1313977
7/2/2020 20:00,1315831
7/3/2020 20:00,1317178
7/4/2020 20:00,1318299
7/5/2020 20:00,1319686
7/6/2020 20:00,1321730
7/7/2020 20:00,1324762
7/8/2020 20:00,1328827
7/9/2020 20:00,1331764
7/10/2020 20:00,1334167
7/11/2020 20:00,1336357
7/12/2020 20:00,1338993
7/13/2020 20:00,1341987
7/14/2020 20:00,1345956
7/15/2020 20:00,1350629
7/16/2020 20:00,1352630
7/17/2020 20:00,1354347
7/18/2020 20:00,1355691
7/19/2020 20:00,1357508
7/20/2020 20:00,1359485
7/21/2020 20:00,1361304
7/22/2020 20:00,1363981
7/23/2020 20:00,1365902
7/24/2020 20:00,1367684
7/25/2020 20:00,1369586
7/26/2020 20:00,1371132
7/27/2020 20:00,1373386
7/28/2020 20:00,1375863
7/29/2020 20:00,1379026
7/30/2020 20:00,1381246
7/31/2020 20:00,1382752
8/1/2020 20:00,1384365
8/2/2020 20:00,1387363
8/3/2020 20:00,1389732
8/4/2020 20:00,1391991
8/5/2020 20:00,1394703
8/6/2020 20:00,1396997
8/7/2020 20:00,1398611
8/8/2020 20:00,1400689
8/10/2020 20:00,1402801
8/11/2020 20:00,1404721
8/12/2020 20:00,1406582
8/13/2020 20:00,1407524
8/14/2020 20:00,1408769
8/15/2020 20:00,1409876
8/16/2020 20:00,1411831
8/17/2020 20:00,1413432
8/18/2020 20:00,1415514
8/19/2020 20:00,1418435
8/20/2020 20:00,1421951
8/21/2020 20:00,1425082
8/22/2020 20:00,1427830
8/23/2020 20:00,1430902
8/24/2020 20:00,1433516
8/25/2020 20:00,1436278
8/26/2020 20:00,1440970
8/27/2020 20:00,1444279
8/28/2020 20:00,1444418
8/29/2020 20:00,1447546
8/31/2020 20:00,1452385
9/1/2020 20:00,1457010
9/2/2020 20:00,1460535
9/3/2020 20:00,1466894
9/4/2020 20:00,1469390
9/5/2020 20:00,1471413
9/6/2020 20:00,1474119
9/7/2020 20:00,1476968
9/8/2020 20:00,1480473
9/9/2020 20:00,1482856
9/10/2020 20:00,1484897
9/14/2020 20:00,1490864
9/17/2020 20:00,1504356
9/21/2020 20:00,1513188
9/24/2020 20:00,1518942
9/28/2020 20:00,1524705
9/29/2020 20:00,1525826
9/30/2020 20:00,1527236
10/1/2020 20:00,1528861
10/2/2020 20:00,1529974
10/3/2020 20:00,1530815
10/4/2020 20:00,1532844
10/5/2020 20:00,1534742
10/6/2020 20:00,1536964
10/7/2020 20:00,1539659
10/8/2020 20:00,1542211
10/9/2020 20:00,1543674
10/10/2020 20:00,1547238
10/11/2020 20:00,1549561
10/12/2020 20:00,1551814
10/13/2020 20:00,1554077
10/14/2020 20:00,1555938
10/15/2020 20:00,1558035
10/16/2020 20:00,1559281
10/17/2020 20:00,1560529
10/18/2020 20:00,1561811
10/19/2020 20:00,1563147
10/20/2020 20:00,1564532
10/21/2020 20:00,1566317
10/22/2020 20:00,1567967
10/23/2020 20:00,1568953
10/24/2020 20:00,1569881
10/25/2020 20:00,1570599
10/27/2020 20:00,1573324
11/5/2020 19:00,1580667
11/6/2020 19:00,1581825
11/7/2020 19:00,1582729
11/8/2020 19:00,1583455
11/9/2020 19:00,1585629
11/10/2020 19:00,1587419
11/12/2020 19:00,1589740
11/14/2020 19:00,1591484
11/15/2020 19:00,1593227
11/17/2020 19:00,1595200
11/18/2020 19:00,1598151
11/20/2020 19:00,1601585
11/22/2020 19:00,1605627
11/24/2020 19:00,1612365
11/26/2020 19:00,1621072
11/27/2020 19:00,1627424
11/29/2020 19:00,1636499
11/30/2020 19:00,1642854
12/1/2020 19:00,1643316
12/2/2020 19:00,1652062
12/3/2020 19:00,1652258
12/4/2020 19:00,1658103
12/5/2020 19:00,1659404
12/6/2020 19:00,1667689
12/8/2020 19:00,1681700
12/9/2020 19:00,1682253
12/11/2020 19:00,1692008
12/12/2020 19:00,1694852
12/13/2020 19:00,1696400
12/15/2020 19:00,1709094
12/17/2020 19:00,1714030
12/20/2020 19:00,1726626
12/21/2020 19:00,1732132
12/22/2020 19:00,1736937
12/23/2020 19:00,1737356
12/24/2020 19:00,1740873
12/25/2020 19:00,1744080
12/27/2020 19:00,1747776
12/28/2020 19:00,1751744
12/30/2020 19:00,1755666
1/1/2021 19:00,1759616
1/2/2021 19:00,1764619
1/3/2021 19:00,1769179
1/4/2021 19:00,1773346
1/5/2021 19:00,1777458
1/6/2021 19:00,1782523
1/7/2021 19:00,1788620
1/8/2021 19:00,1793320
1/9/2021 19:00,1799368
1/10/2021 19:00,1805576
1/11/2021 19:00,1810908
1/12/2021 19:00,1821961
1/13/2021 19:00,1839235
1/14/2021 19:00,1857070
1/17/2021 19:00,1886614
1/23/2021 19:00,2063990
1/27/2021 19:00,4949083
1/28/2021 19:00,6167787
2/2/2021 19:00,8462861
2/3/2021 19:00,8543123
2/4/2021 19:00,8603332
2/5/2021 19:00,8651917
2/6/2021 19:00,8697934
2/7/2021 19:00,8747860
2/8/2021 19:00,8800534
2/9/2021 19:00,8868209
2/10/2021 19:00,8946565
2/11/2021 19:00,8987409
2/12/2021 19:00,9018559
2/13/2021 19:00,9045339
2/14/2021 19:00,9070137
2/15/2021 19:00,9094838
2/16/2021 19:00,9117248
2/17/2021 19:00,9141837
2/18/2021 19:00,9161570
2/19/2021 19:00,9179701
2/20/2021 19:00,9196358
2/21/2021 19:00,9212654
2/22/2021 19:00,9226411
2/23/2021 19:00,9249719
2/24/2021 19:00,9295496
2/25/2021 19:00,9319273
2/26/2021 19:00,9333365
2/27/2021 19:00,9346290
2/28/2021 19:00,9363629
3/1/2021 19:00,9385303
3/2/2021 19:00,9410014
3/3/2021 19:00,9425121
3/4/2021 19:00,9436285
3/5/2021 19:00,9444070
3/6/2021 19:00,9453890
3/7/2021 19:00,9465400
3/8/2021 19:00,9479186
3/9/2021 19:00,9496597
3/10/2021 19:00,9511046
3/11/2021 19:00,9523213
3/12/2021 19:00,9533480
3/13/2021 19:00,9540694
3/14/2021 20:00,9556502
3/15/2021 20:00,9571882
3/16/2021 20:00,9586850
3/17/2021 20:00,9600482
3/18/2021 20:00,9611287
3/19/2021 20:00,9620030
3/20/2021 20:00,9628790
3/21/2021 20:00,9637629
3/22/2021 20:00,9646295
3/23/2021 20:00,9654568
3/24/2021 20:00,9662197
3/25/2021 20:00,9669321
3/26/2021 20:00,9674944
3/27/2021 20:00,9681605
3/28/2021 20:00,9689028
3/29/2021 20:00,9695549
3/30/2021 20:00,9702611
3/31/2021 20:00,9709213
4/1/2021 20:00,9714726
4/2/2021 20:00,9719663
4/3/2021 20:00,9725400
4/4/2021 20:00,9731916
4/5/2021 20:00,9738273
4/6/2021 20:00,9744734
4/7/2021 20:00,9750553
4/8/2021 20:00,9755649
4/9/2021 20:00,9759797
4/10/2021 20:00,9765266
4/11/2021 20:00,9771113
4/12/2021 20:00,9777577
4/13/2021 20:00,9786851
4/14/2021 20:00,9797825
4/15/2021 20:00,9819244
4/16/2021 20:00,9835949
4/17/2021 20:00,9848934
4/18/2021 20:00,9864718
4/19/2021 20:00,9881140
4/20/2021 20:00,9893186
4/21/2021 20:00,9904350
4/22/2021 20:00,9914367
4/23/2021 20:00,9923084
4/24/2021 20:00,9931866
4/25/2021 20:00,9942408
4/26/2021 20:00,9955617
4/27/2021 20:00,9964705
4/28/2021 20:00,9973484
4/29/2021 20:00,9980845
4/30/2021 20:00,9988217
5/1/2021 20:00,9995365
5/2/2021 20:00,10004973
5/3/2021 20:00,10016183
5/4/2021 20:00,10027227
5/5/2021 20:00,10035023
5/6/2021 20:00,10044722
5/7/2021 20:00,10055081
5/8/2021 20:00,10066051
5/9/2021 20:00,10075386
5/10/2021 20:00,10085394
5/11/2021 20:00,10095094
5/12/2021 20:00,10104685
5/13/2021 20:00,10112678
5/14/2021 20:00,10118985
5/15/2021 20:00,10125264
5/16/2021 20:00,10131769
5/17/2021 20:00,10138879
5/18/2021 20:00,10144573
5/19/2021 20:00,10149724
5/20/2021 20:00,10153478
5/21/2021 20:00,10156937
5/22/2021 20:00,10160701
5/23/2021 20:00,10165490
5/24/2021 20:00,10171817
5/25/2021 20:00,10179904
5/26/2021 20:00,10193432
5/27/2021 20:00,10211277
5/28/2021 20:00,10219180
5/29/2021 20:00,10225762
5/30/2021 20:00,10232122
5/31/2021 20:00,10241454
6/1/2021 20:00,10273746
6/2/2021 20:00,10322134
6/3/2021 20:00,10339971
6/4/2021 20:00,10352948
6/5/2021 20:00,10365930
6/6/2021 20:00,10382317
6/7/2021 20:00,10419790
6/8/2021 20:00,10459931
6/9/2021 20:00,10481473
6/10/2021 20:00,10495196
6/11/2021 20:00,10503555
6/12/2021 20:00,10511428
6/13/2021 20:00,10521189
6/14/2021 20:00,10530159
6/15/2021 20:00,10538338
6/16/2021 20:00,10546155
6/17/2021 20:00,10552613
6/18/2021 20:00,10556756
6/19/2021 20:00,10561352
6/20/2021 20:00,10567174
6/21/2021 20:00,10574446
6/22/2021 20:00,10580805
6/23/2021 20:00,10586394
6/24/2021 20:00,10592659
6/25/2021 20:00,10596769
6/26/2021 20:00,10600856
6/27/2021 20:00,10605546
6/28/2021 20:00,10610728
6/29/2021 20:00,10615757
6/30/2021 20:00,10620004
7/1/2021 20:00,10623812
7/2/2021 20:00,10626652
7/3/2021 20:00,10631111
7/4/2021 20:00,10635809
7/5/2021 20:00,10639731
7/6/2021 20:00,10643707
7/7/2021 20:00,10647850
7/8/2021 20:00,10651569
7/9/2021 20:00,10656003
7/10/2021 20:00,10658900
7/11/2021 20:00,10662368
7/12/2021 20:00,10665721
7/13/2021 20:00,10668915
7/14/2021 20:00,10671312
